Textbox38,Textbox51,Textbox55,Textbox180,Textbox175,Textbox6,Textbox115,Textbox129,Textbox13,Textbox15,Textbox17,Textbox19,Textbox21,Textbox23,Textbox25,Textbox29,Textbox27,Textbox11,Textbox22,Textbox32,Textbox80,Textbox40,Textbox46,Textbox54,Textbox74,Textbox181,MONITOR_NAME,ADMIN_IM_YEAR,ADMIN_IM_MONTH1,STATE_NAME,DISTRICT_NAME,COMP_S,COMP_SRI,COMP_U,C_GRADE_COUNT_T,ONGOING_S,ONGOING_SRI,ONGOING_U,P_GRADE_COUNT_T,MAINT_S,MAINT_SRI,MAINT_U,M_GRADE_COUNT_T,LSB_S,LSB_SRI,LSB_U,L_GRADE_COUNT_T,Textbox132,Textbox136,Textbox137,Textbox138,Textbox139,Textbox140,Textbox141,Textbox142,Textbox143,MAINT_S1,MAINT_SRI1,MAINT_U1,M_GRADE_COUNT_T1,LSB_S1,LSB_SRI1,LSB_U1,L_GRADE_COUNT_T1,Textbox199,Textbox204,Textbox205,Textbox206,Textbox207,Textbox208,Textbox209,Textbox210,Textbox211,Textbox16,Textbox28,Textbox35,Textbox83,Textbox43,Textbox49,Textbox58,Textbox77
Grading,Completed Works,Ongoing Works,Sr.No.,Monitor,Year,Month,State,District,S,SRI,U,Total,S,SRI,U,Total,S,SRI,U,Total,S,SRI,U,Total,1,Aftab  Alam,2023,January,Jharkhand,Dhanbad,0,0,0,0,11,0,0,11,0,0,0,0,0,0,0,0,Total,7,0,0,7,21,0,0,21,12,0,0,12,2,0,0,2,Grand Total,164,1,0,165,703,4,4,711,728,22,42,792,244,8,0,252
Grading,Completed Works,Ongoing Works,Sr.No.,Monitor,Year,Month,State,District,S,SRI,U,Total,S,SRI,U,Total,S,SRI,U,Total,S,SRI,U,Total,1,Aftab  Alam,2023,March,Jharkhand,Simdega,2,0,0,2,1,0,0,1,6,0,0,6,2,0,0,2,Total,7,0,0,7,21,0,0,21,12,0,0,12,2,0,0,2,Grand Total,164,1,0,165,703,4,4,711,728,22,42,792,244,8,0,252
Grading,Completed Works,Ongoing Works,Sr.No.,Monitor,Year,Month,State,District,S,SRI,U,Total,S,SRI,U,Total,S,SRI,U,Total,S,SRI,U,Total,1,Aftab  Alam,2023,May,Jharkhand,Simdega,0,0,0,0,0,0,0,0,5,0,0,5,0,0,0,0,Total,7,0,0,7,21,0,0,21,12,0,0,12,2,0,0,2,Grand Total,164,1,0,165,703,4,4,711,728,22,42,792,244,8,0,252
Grading,Completed Works,Ongoing Works,Sr.No.,Monitor,Year,Month,State,District,S,SRI,U,Total,S,SRI,U,Total,S,SRI,U,Total,S,SRI,U,Total,1,Aftab  Alam,2023,June,Jharkhand,Sahibganj,0,0,0,0,4,0,0,4,0,0,0,0,0,0,0,0,Total,7,0,0,7,21,0,0,21,12,0,0,12,2,0,0,2,Grand Total,164,1,0,165,703,4,4,711,728,22,42,792,244,8,0,252
Grading,Completed Works,Ongoing Works,Sr.No.,Monitor,Year,Month,State,District,S,SRI,U,Total,S,SRI,U,Total,S,SRI,U,Total,S,SRI,U,Total,1,Aftab  Alam,2023,October,Jharkhand,Dumka,5,0,0,5,0,0,0,0,1,0,0,1,0,0,0,0,Total,7,0,0,7,21,0,0,21,12,0,0,12,2,0,0,2,Grand Total,164,1,0,165,703,4,4,711,728,22,42,792,244,8,0,252
Grading,Completed Works,Ongoing Works,Sr.No.,Monitor,Year,Month,State,District,S,SRI,U,Total,S,SRI,U,Total,S,SRI,U,Total,S,SRI,U,Total,1,Aftab  Alam,2023,November,Jharkhand,Saraikela Kharsawan,0,0,0,0,5,0,0,5,0,0,0,0,0,0,0,0,Total,7,0,0,7,21,0,0,21,12,0,0,12,2,0,0,2,Grand Total,164,1,0,165,703,4,4,711,728,22,42,792,244,8,0,252
Grading,Completed Works,Ongoing Works,Sr.No.,Monitor,Year,Month,State,District,S,SRI,U,Total,S,SRI,U,Total,S,SRI,U,Total,S,SRI,U,Total,2,Arun  Kumar Singh,2023,February,Jharkhand,Palamu,0,0,0,0,0,0,0,0,1,0,0,1,5,0,0,5,Total,3,0,0,3,16,0,0,16,18,0,0,18,5,0,0,5,Grand Total,164,1,0,165,703,4,4,711,728,22,42,792,244,8,0,252
Grading,Completed Works,Ongoing Works,Sr.No.,Monitor,Year,Month,State,District,S,SRI,U,Total,S,SRI,U,Total,S,SRI,U,Total,S,SRI,U,Total,2,Arun  Kumar Singh,2023,August,Jharkhand,Pakur,2,0,0,2,3,0,0,3,5,0,0,5,0,0,0,0,Total,3,0,0,3,16,0,0,16,18,0,0,18,5,0,0,5,Grand Total,164,1,0,165,703,4,4,711,728,22,42,792,244,8,0,252
Grading,Completed Works,Ongoing Works,Sr.No.,Monitor,Year,Month,State,District,S,SRI,U,Total,S,SRI,U,Total,S,SRI,U,Total,S,SRI,U,Total,2,Arun  Kumar Singh,2023,August,Jharkhand,Sahibganj,0,0,0,0,0,0,0,0,4,0,0,4,0,0,0,0,Total,3,0,0,3,16,0,0,16,18,0,0,18,5,0,0,5,Grand Total,164,1,0,165,703,4,4,711,728,22,42,792,244,8,0,252
Grading,Completed Works,Ongoing Works,Sr.No.,Monitor,Year,Month,State,District,S,SRI,U,Total,S,SRI,U,Total,S,SRI,U,Total,S,SRI,U,Total,2,Arun  Kumar Singh,2023,September,Jharkhand,Giridih,0,0,0,0,5,0,0,5,5,0,0,5,0,0,0,0,Total,3,0,0,3,16,0,0,16,18,0,0,18,5,0,0,5,Grand Total,164,1,0,165,703,4,4,711,728,22,42,792,244,8,0,252
Grading,Completed Works,Ongoing Works,Sr.No.,Monitor,Year,Month,State,District,S,SRI,U,Total,S,SRI,U,Total,S,SRI,U,Total,S,SRI,U,Total,2,Arun  Kumar Singh,2023,November,Jharkhand,Gumla,1,0,0,1,8,0,0,8,3,0,0,3,0,0,0,0,Total,3,0,0,3,16,0,0,16,18,0,0,18,5,0,0,5,Grand Total,164,1,0,165,703,4,4,711,728,22,42,792,244,8,0,252
Grading,Completed Works,Ongoing Works,Sr.No.,Monitor,Year,Month,State,District,S,SRI,U,Total,S,SRI,U,Total,S,SRI,U,Total,S,SRI,U,Total,3,Arvind Kumar Jha,2023,March,Jharkhand,Pashchimi Singhbhum,0,0,0,0,1,0,0,1,3,0,0,3,4,0,0,4,Total,2,0,0,2,5,0,0,5,14,0,0,14,6,0,0,6,Grand Total,164,1,0,165,703,4,4,711,728,22,42,792,244,8,0,252
Grading,Completed Works,Ongoing Works,Sr.No.,Monitor,Year,Month,State,District,S,SRI,U,Total,S,SRI,U,Total,S,SRI,U,Total,S,SRI,U,Total,3,Arvind Kumar Jha,2023,April,Jharkhand,Deoghar,0,0,0,0,0,0,0,0,3,0,0,3,2,0,0,2,Total,2,0,0,2,5,0,0,5,14,0,0,14,6,0,0,6,Grand Total,164,1,0,165,703,4,4,711,728,22,42,792,244,8,0,252
Grading,Completed Works,Ongoing Works,Sr.No.,Monitor,Year,Month,State,District,S,SRI,U,Total,S,SRI,U,Total,S,SRI,U,Total,S,SRI,U,Total,3,Arvind Kumar Jha,2023,July,Jharkhand,Pakur,2,0,0,2,3,0,0,3,2,0,0,2,0,0,0,0,Total,2,0,0,2,5,0,0,5,14,0,0,14,6,0,0,6,Grand Total,164,1,0,165,703,4,4,711,728,22,42,792,244,8,0,252
Grading,Completed Works,Ongoing Works,Sr.No.,Monitor,Year,Month,State,District,S,SRI,U,Total,S,SRI,U,Total,S,SRI,U,Total,S,SRI,U,Total,3,Arvind Kumar Jha,2023,September,Jharkhand,Latehar,0,0,0,0,1,0,0,1,6,0,0,6,0,0,0,0,Total,2,0,0,2,5,0,0,5,14,0,0,14,6,0,0,6,Grand Total,164,1,0,165,703,4,4,711,728,22,42,792,244,8,0,252
Grading,Completed Works,Ongoing Works,Sr.No.,Monitor,Year,Month,State,District,S,SRI,U,Total,S,SRI,U,Total,S,SRI,U,Total,S,SRI,U,Total,4,Bachneshwar  Thakur,2023,January,Jharkhand,Pashchimi Singhbhum,0,0,0,0,3,0,0,3,2,0,0,2,3,0,0,3,Total,0,0,0,0,19,0,0,19,25,0,0,25,10,0,0,10,Grand Total,164,1,0,165,703,4,4,711,728,22,42,792,244,8,0,252
Grading,Completed Works,Ongoing Works,Sr.No.,Monitor,Year,Month,State,District,S,SRI,U,Total,S,SRI,U,Total,S,SRI,U,Total,S,SRI,U,Total,4,Bachneshwar  Thakur,2023,March,Jharkhand,Khunti,0,0,0,0,8,0,0,8,1,0,0,1,1,0,0,1,Total,0,0,0,0,19,0,0,19,25,0,0,25,10,0,0,10,Grand Total,164,1,0,165,703,4,4,711,728,22,42,792,244,8,0,252
Grading,Completed Works,Ongoing Works,Sr.No.,Monitor,Year,Month,State,District,S,SRI,U,Total,S,SRI,U,Total,S,SRI,U,Total,S,SRI,U,Total,4,Bachneshwar  Thakur,2023,April,Jharkhand,Simdega,0,0,0,0,0,0,0,0,17,0,0,17,0,0,0,0,Total,0,0,0,0,19,0,0,19,25,0,0,25,10,0,0,10,Grand Total,164,1,0,165,703,4,4,711,728,22,42,792,244,8,0,252
Grading,Completed Works,Ongoing Works,Sr.No.,Monitor,Year,Month,State,District,S,SRI,U,Total,S,SRI,U,Total,S,SRI,U,Total,S,SRI,U,Total,4,Bachneshwar  Thakur,2023,June,Jharkhand,Khunti,0,0,0,0,4,0,0,4,1,0,0,1,4,0,0,4,Total,0,0,0,0,19,0,0,19,25,0,0,25,10,0,0,10,Grand Total,164,1,0,165,703,4,4,711,728,22,42,792,244,8,0,252
Grading,Completed Works,Ongoing Works,Sr.No.,Monitor,Year,Month,State,District,S,SRI,U,Total,S,SRI,U,Total,S,SRI,U,Total,S,SRI,U,Total,4,Bachneshwar  Thakur,2023,August,Jharkhand,Khunti,0,0,0,0,4,0,0,4,4,0,0,4,2,0,0,2,Total,0,0,0,0,19,0,0,19,25,0,0,25,10,0,0,10,Grand Total,164,1,0,165,703,4,4,711,728,22,42,792,244,8,0,252
Grading,Completed Works,Ongoing Works,Sr.No.,Monitor,Year,Month,State,District,S,SRI,U,Total,S,SRI,U,Total,S,SRI,U,Total,S,SRI,U,Total,5,Binod Kumar Varma,2023,February,Jharkhand,Pashchimi Singhbhum,1,0,0,1,5,0,0,5,0,0,0,0,1,0,0,1,Total,9,0,0,9,26,0,0,26,9,5,2,16,3,0,0,3,Grand Total,164,1,0,165,703,4,4,711,728,22,42,792,244,8,0,252
Grading,Completed Works,Ongoing Works,Sr.No.,Monitor,Year,Month,State,District,S,SRI,U,Total,S,SRI,U,Total,S,SRI,U,Total,S,SRI,U,Total,5,Binod Kumar Varma,2023,March,Jharkhand,Chatra,0,0,0,0,6,0,0,6,1,0,0,1,0,0,0,0,Total,9,0,0,9,26,0,0,26,9,5,2,16,3,0,0,3,Grand Total,164,1,0,165,703,4,4,711,728,22,42,792,244,8,0,252
Grading,Completed Works,Ongoing Works,Sr.No.,Monitor,Year,Month,State,District,S,SRI,U,Total,S,SRI,U,Total,S,SRI,U,Total,S,SRI,U,Total,5,Binod Kumar Varma,2023,April,Jharkhand,Pakur,0,0,0,0,0,0,0,0,2,0,0,2,0,0,0,0,Total,9,0,0,9,26,0,0,26,9,5,2,16,3,0,0,3,Grand Total,164,1,0,165,703,4,4,711,728,22,42,792,244,8,0,252
Grading,Completed Works,Ongoing Works,Sr.No.,Monitor,Year,Month,State,District,S,SRI,U,Total,S,SRI,U,Total,S,SRI,U,Total,S,SRI,U,Total,5,Binod Kumar Varma,2023,May,Jharkhand,Gumla,1,0,0,1,5,0,0,5,1,0,0,1,1,0,0,1,Total,9,0,0,9,26,0,0,26,9,5,2,16,3,0,0,3,Grand Total,164,1,0,165,703,4,4,711,728,22,42,792,244,8,0,252
Grading,Completed Works,Ongoing Works,Sr.No.,Monitor,Year,Month,State,District,S,SRI,U,Total,S,SRI,U,Total,S,SRI,U,Total,S,SRI,U,Total,5,Binod Kumar Varma,2023,July,Jharkhand,Bokaro,0,0,0,0,1,0,0,1,1,4,1,6,0,0,0,0,Total,9,0,0,9,26,0,0,26,9,5,2,16,3,0,0,3,Grand Total,164,1,0,165,703,4,4,711,728,22,42,792,244,8,0,252
Grading,Completed Works,Ongoing Works,Sr.No.,Monitor,Year,Month,State,District,S,SRI,U,Total,S,SRI,U,Total,S,SRI,U,Total,S,SRI,U,Total,5,Binod Kumar Varma,2023,October,Jharkhand,Giridih,7,0,0,7,5,0,0,5,0,1,1,2,1,0,0,1,Total,9,0,0,9,26,0,0,26,9,5,2,16,3,0,0,3,Grand Total,164,1,0,165,703,4,4,711,728,22,42,792,244,8,0,252
Grading,Completed Works,Ongoing Works,Sr.No.,Monitor,Year,Month,State,District,S,SRI,U,Total,S,SRI,U,Total,S,SRI,U,Total,S,SRI,U,Total,5,Binod Kumar Varma,2023,November,Jharkhand,Palamu,0,0,0,0,4,0,0,4,4,0,0,4,0,0,0,0,Total,9,0,0,9,26,0,0,26,9,5,2,16,3,0,0,3,Grand Total,164,1,0,165,703,4,4,711,728,22,42,792,244,8,0,252
Grading,Completed Works,Ongoing Works,Sr.No.,Monitor,Year,Month,State,District,S,SRI,U,Total,S,SRI,U,Total,S,SRI,U,Total,S,SRI,U,Total,6,Bipin  Bihari Mishra,2023,January,Jharkhand,Garhwa,0,0,0,0,11,0,0,11,0,0,0,0,0,0,0,0,Total,16,0,0,16,49,1,3,53,12,0,0,12,17,1,0,18,Grand Total,164,1,0,165,703,4,4,711,728,22,42,792,244,8,0,252
Grading,Completed Works,Ongoing Works,Sr.No.,Monitor,Year,Month,State,District,S,SRI,U,Total,S,SRI,U,Total,S,SRI,U,Total,S,SRI,U,Total,6,Bipin  Bihari Mishra,2023,February,Jharkhand,Chatra,0,0,0,0,7,1,3,11,0,0,0,0,1,0,0,1,Total,16,0,0,16,49,1,3,53,12,0,0,12,17,1,0,18,Grand Total,164,1,0,165,703,4,4,711,728,22,42,792,244,8,0,252
Grading,Completed Works,Ongoing Works,Sr.No.,Monitor,Year,Month,State,District,S,SRI,U,Total,S,SRI,U,Total,S,SRI,U,Total,S,SRI,U,Total,6,Bipin  Bihari Mishra,2023,March,Jharkhand,Hazaribagh,0,0,0,0,3,0,0,3,3,0,0,3,4,0,0,4,Total,16,0,0,16,49,1,3,53,12,0,0,12,17,1,0,18,Grand Total,164,1,0,165,703,4,4,711,728,22,42,792,244,8,0,252
Grading,Completed Works,Ongoing Works,Sr.No.,Monitor,Year,Month,State,District,S,SRI,U,Total,S,SRI,U,Total,S,SRI,U,Total,S,SRI,U,Total,6,Bipin  Bihari Mishra,2023,April,Jharkhand,Dumka,5,0,0,5,8,0,0,8,1,0,0,1,0,0,0,0,Total,16,0,0,16,49,1,3,53,12,0,0,12,17,1,0,18,Grand Total,164,1,0,165,703,4,4,711,728,22,42,792,244,8,0,252
Grading,Completed Works,Ongoing Works,Sr.No.,Monitor,Year,Month,State,District,S,SRI,U,Total,S,SRI,U,Total,S,SRI,U,Total,S,SRI,U,Total,6,Bipin  Bihari Mishra,2023,May,Jharkhand,Saraikela Kharsawan,1,0,0,1,2,0,0,2,0,0,0,0,2,0,0,2,Total,16,0,0,16,49,1,3,53,12,0,0,12,17,1,0,18,Grand Total,164,1,0,165,703,4,4,711,728,22,42,792,244,8,0,252
Grading,Completed Works,Ongoing Works,Sr.No.,Monitor,Year,Month,State,District,S,SRI,U,Total,S,SRI,U,Total,S,SRI,U,Total,S,SRI,U,Total,6,Bipin  Bihari Mishra,2023,June,Jharkhand,Garhwa,2,0,0,2,8,0,0,8,5,0,0,5,6,0,0,6,Total,16,0,0,16,49,1,3,53,12,0,0,12,17,1,0,18,Grand Total,164,1,0,165,703,4,4,711,728,22,42,792,244,8,0,252
Grading,Completed Works,Ongoing Works,Sr.No.,Monitor,Year,Month,State,District,S,SRI,U,Total,S,SRI,U,Total,S,SRI,U,Total,S,SRI,U,Total,6,Bipin  Bihari Mishra,2023,August,Jharkhand,Palamu,0,0,0,0,1,0,0,1,1,0,0,1,4,0,0,4,Total,16,0,0,16,49,1,3,53,12,0,0,12,17,1,0,18,Grand Total,164,1,0,165,703,4,4,711,728,22,42,792,244,8,0,252
Grading,Completed Works,Ongoing Works,Sr.No.,Monitor,Year,Month,State,District,S,SRI,U,Total,S,SRI,U,Total,S,SRI,U,Total,S,SRI,U,Total,6,Bipin  Bihari Mishra,2023,October,Jharkhand,Gumla,3,0,0,3,8,0,0,8,0,0,0,0,0,1,0,1,Total,16,0,0,16,49,1,3,53,12,0,0,12,17,1,0,18,Grand Total,164,1,0,165,703,4,4,711,728,22,42,792,244,8,0,252
Grading,Completed Works,Ongoing Works,Sr.No.,Monitor,Year,Month,State,District,S,SRI,U,Total,S,SRI,U,Total,S,SRI,U,Total,S,SRI,U,Total,6,Bipin  Bihari Mishra,2023,November,Jharkhand,Dumka,5,0,0,5,1,0,0,1,2,0,0,2,0,0,0,0,Total,16,0,0,16,49,1,3,53,12,0,0,12,17,1,0,18,Grand Total,164,1,0,165,703,4,4,711,728,22,42,792,244,8,0,252
Grading,Completed Works,Ongoing Works,Sr.No.,Monitor,Year,Month,State,District,S,SRI,U,Total,S,SRI,U,Total,S,SRI,U,Total,S,SRI,U,Total,7,Brinda Ban Rai,2023,January,Jharkhand,Bokaro,0,0,0,0,10,0,0,10,6,0,0,6,0,0,0,0,Total,2,0,0,2,18,0,0,18,29,0,0,29,3,0,0,3,Grand Total,164,1,0,165,703,4,4,711,728,22,42,792,244,8,0,252
Grading,Completed Works,Ongoing Works,Sr.No.,Monitor,Year,Month,State,District,S,SRI,U,Total,S,SRI,U,Total,S,SRI,U,Total,S,SRI,U,Total,7,Brinda Ban Rai,2023,March,Jharkhand,Ranchi,1,0,0,1,0,0,0,0,5,0,0,5,1,0,0,1,Total,2,0,0,2,18,0,0,18,29,0,0,29,3,0,0,3,Grand Total,164,1,0,165,703,4,4,711,728,22,42,792,244,8,0,252
Grading,Completed Works,Ongoing Works,Sr.No.,Monitor,Year,Month,State,District,S,SRI,U,Total,S,SRI,U,Total,S,SRI,U,Total,S,SRI,U,Total,7,Brinda Ban Rai,2023,May,Jharkhand,Pashchimi Singhbhum,1,0,0,1,6,0,0,6,1,0,0,1,1,0,0,1,Total,2,0,0,2,18,0,0,18,29,0,0,29,3,0,0,3,Grand Total,164,1,0,165,703,4,4,711,728,22,42,792,244,8,0,252
Grading,Completed Works,Ongoing Works,Sr.No.,Monitor,Year,Month,State,District,S,SRI,U,Total,S,SRI,U,Total,S,SRI,U,Total,S,SRI,U,Total,7,Brinda Ban Rai,2023,July,Jharkhand,Pashchimi Singhbhum,0,0,0,0,2,0,0,2,0,0,0,0,1,0,0,1,Total,2,0,0,2,18,0,0,18,29,0,0,29,3,0,0,3,Grand Total,164,1,0,165,703,4,4,711,728,22,42,792,244,8,0,252
Grading,Completed Works,Ongoing Works,Sr.No.,Monitor,Year,Month,State,District,S,SRI,U,Total,S,SRI,U,Total,S,SRI,U,Total,S,SRI,U,Total,7,Brinda Ban Rai,2023,September,Jharkhand,Purbi Singhbhum,0,0,0,0,0,0,0,0,17,0,0,17,0,0,0,0,Total,2,0,0,2,18,0,0,18,29,0,0,29,3,0,0,3,Grand Total,164,1,0,165,703,4,4,711,728,22,42,792,244,8,0,252
Grading,Completed Works,Ongoing Works,Sr.No.,Monitor,Year,Month,State,District,S,SRI,U,Total,S,SRI,U,Total,S,SRI,U,Total,S,SRI,U,Total,8,Chandra  Deo,2023,January,Jharkhand,Chatra,2,0,0,2,0,0,0,0,10,0,0,10,4,0,0,4,Total,7,0,0,7,30,0,0,30,32,0,1,33,10,0,0,10,Grand Total,164,1,0,165,703,4,4,711,728,22,42,792,244,8,0,252
Grading,Completed Works,Ongoing Works,Sr.No.,Monitor,Year,Month,State,District,S,SRI,U,Total,S,SRI,U,Total,S,SRI,U,Total,S,SRI,U,Total,8,Chandra  Deo,2023,February,Jharkhand,Giridih,1,0,0,1,9,0,0,9,3,0,0,3,1,0,0,1,Total,7,0,0,7,30,0,0,30,32,0,1,33,10,0,0,10,Grand Total,164,1,0,165,703,4,4,711,728,22,42,792,244,8,0,252
Grading,Completed Works,Ongoing Works,Sr.No.,Monitor,Year,Month,State,District,S,SRI,U,Total,S,SRI,U,Total,S,SRI,U,Total,S,SRI,U,Total,8,Chandra  Deo,2023,March,Jharkhand,Palamu,0,0,0,0,3,0,0,3,3,0,1,4,3,0,0,3,Total,7,0,0,7,30,0,0,30,32,0,1,33,10,0,0,10,Grand Total,164,1,0,165,703,4,4,711,728,22,42,792,244,8,0,252
Grading,Completed Works,Ongoing Works,Sr.No.,Monitor,Year,Month,State,District,S,SRI,U,Total,S,SRI,U,Total,S,SRI,U,Total,S,SRI,U,Total,8,Chandra  Deo,2023,April,Jharkhand,Chatra,0,0,0,0,8,0,0,8,2,0,0,2,1,0,0,1,Total,7,0,0,7,30,0,0,30,32,0,1,33,10,0,0,10,Grand Total,164,1,0,165,703,4,4,711,728,22,42,792,244,8,0,252
Grading,Completed Works,Ongoing Works,Sr.No.,Monitor,Year,Month,State,District,S,SRI,U,Total,S,SRI,U,Total,S,SRI,U,Total,S,SRI,U,Total,8,Chandra  Deo,2023,May,Jharkhand,Bokaro,1,0,0,1,7,0,0,7,7,0,0,7,1,0,0,1,Total,7,0,0,7,30,0,0,30,32,0,1,33,10,0,0,10,Grand Total,164,1,0,165,703,4,4,711,728,22,42,792,244,8,0,252
Grading,Completed Works,Ongoing Works,Sr.No.,Monitor,Year,Month,State,District,S,SRI,U,Total,S,SRI,U,Total,S,SRI,U,Total,S,SRI,U,Total,8,Chandra  Deo,2023,June,Jharkhand,Giridih,2,0,0,2,0,0,0,0,0,0,0,0,0,0,0,0,Total,7,0,0,7,30,0,0,30,32,0,1,33,10,0,0,10,Grand Total,164,1,0,165,703,4,4,711,728,22,42,792,244,8,0,252
Grading,Completed Works,Ongoing Works,Sr.No.,Monitor,Year,Month,State,District,S,SRI,U,Total,S,SRI,U,Total,S,SRI,U,Total,S,SRI,U,Total,8,Chandra  Deo,2023,July,Jharkhand,Gumla,1,0,0,1,3,0,0,3,4,0,0,4,0,0,0,0,Total,7,0,0,7,30,0,0,30,32,0,1,33,10,0,0,10,Grand Total,164,1,0,165,703,4,4,711,728,22,42,792,244,8,0,252
Grading,Completed Works,Ongoing Works,Sr.No.,Monitor,Year,Month,State,District,S,SRI,U,Total,S,SRI,U,Total,S,SRI,U,Total,S,SRI,U,Total,8,Chandra  Deo,2023,August,Jharkhand,Pashchimi Singhbhum,0,0,0,0,0,0,0,0,3,0,0,3,0,0,0,0,Total,7,0,0,7,30,0,0,30,32,0,1,33,10,0,0,10,Grand Total,164,1,0,165,703,4,4,711,728,22,42,792,244,8,0,252
Grading,Completed Works,Ongoing Works,Sr.No.,Monitor,Year,Month,State,District,S,SRI,U,Total,S,SRI,U,Total,S,SRI,U,Total,S,SRI,U,Total,9,Chandra Shekhar Pandit,2023,February,Jharkhand,Gumla,0,0,0,0,11,0,0,11,0,0,0,0,4,0,0,4,Total,4,0,0,4,22,0,0,22,14,0,0,14,12,0,0,12,Grand Total,164,1,0,165,703,4,4,711,728,22,42,792,244,8,0,252
Grading,Completed Works,Ongoing Works,Sr.No.,Monitor,Year,Month,State,District,S,SRI,U,Total,S,SRI,U,Total,S,SRI,U,Total,S,SRI,U,Total,9,Chandra Shekhar Pandit,2023,April,Jharkhand,Koderma,0,0,0,0,3,0,0,3,0,0,0,0,0,0,0,0,Total,4,0,0,4,22,0,0,22,14,0,0,14,12,0,0,12,Grand Total,164,1,0,165,703,4,4,711,728,22,42,792,244,8,0,252
Grading,Completed Works,Ongoing Works,Sr.No.,Monitor,Year,Month,State,District,S,SRI,U,Total,S,SRI,U,Total,S,SRI,U,Total,S,SRI,U,Total,9,Chandra Shekhar Pandit,2023,April,Jharkhand,Ramgarh,0,0,0,0,0,0,0,0,1,0,0,1,0,0,0,0,Total,4,0,0,4,22,0,0,22,14,0,0,14,12,0,0,12,Grand Total,164,1,0,165,703,4,4,711,728,22,42,792,244,8,0,252
Grading,Completed Works,Ongoing Works,Sr.No.,Monitor,Year,Month,State,District,S,SRI,U,Total,S,SRI,U,Total,S,SRI,U,Total,S,SRI,U,Total,9,Chandra Shekhar Pandit,2023,May,Jharkhand,Palamu,0,0,0,0,0,0,0,0,12,0,0,12,1,0,0,1,Total,4,0,0,4,22,0,0,22,14,0,0,14,12,0,0,12,Grand Total,164,1,0,165,703,4,4,711,728,22,42,792,244,8,0,252
Grading,Completed Works,Ongoing Works,Sr.No.,Monitor,Year,Month,State,District,S,SRI,U,Total,S,SRI,U,Total,S,SRI,U,Total,S,SRI,U,Total,9,Chandra Shekhar Pandit,2023,July,Jharkhand,Saraikela Kharsawan,2,0,0,2,3,0,0,3,0,0,0,0,7,0,0,7,Total,4,0,0,4,22,0,0,22,14,0,0,14,12,0,0,12,Grand Total,164,1,0,165,703,4,4,711,728,22,42,792,244,8,0,252
Grading,Completed Works,Ongoing Works,Sr.No.,Monitor,Year,Month,State,District,S,SRI,U,Total,S,SRI,U,Total,S,SRI,U,Total,S,SRI,U,Total,9,Chandra Shekhar Pandit,2023,November,Jharkhand,Dhanbad,2,0,0,2,5,0,0,5,0,0,0,0,0,0,0,0,Total,4,0,0,4,22,0,0,22,14,0,0,14,12,0,0,12,Grand Total,164,1,0,165,703,4,4,711,728,22,42,792,244,8,0,252
Grading,Completed Works,Ongoing Works,Sr.No.,Monitor,Year,Month,State,District,S,SRI,U,Total,S,SRI,U,Total,S,SRI,U,Total,S,SRI,U,Total,9,Chandra Shekhar Pandit,2023,November,Jharkhand,Jamtara,0,0,0,0,0,0,0,0,1,0,0,1,0,0,0,0,Total,4,0,0,4,22,0,0,22,14,0,0,14,12,0,0,12,Grand Total,164,1,0,165,703,4,4,711,728,22,42,792,244,8,0,252
Grading,Completed Works,Ongoing Works,Sr.No.,Monitor,Year,Month,State,District,S,SRI,U,Total,S,SRI,U,Total,S,SRI,U,Total,S,SRI,U,Total,10,Devendra  Prasad,2023,January,Jharkhand,Ranchi,1,0,0,1,0,0,0,0,12,0,0,12,0,0,0,0,Total,9,0,0,9,7,0,0,7,32,0,1,33,9,0,0,9,Grand Total,164,1,0,165,703,4,4,711,728,22,42,792,244,8,0,252
Grading,Completed Works,Ongoing Works,Sr.No.,Monitor,Year,Month,State,District,S,SRI,U,Total,S,SRI,U,Total,S,SRI,U,Total,S,SRI,U,Total,10,Devendra  Prasad,2023,July,Jharkhand,Khunti,2,0,0,2,1,0,0,1,3,0,1,4,1,0,0,1,Total,9,0,0,9,7,0,0,7,32,0,1,33,9,0,0,9,Grand Total,164,1,0,165,703,4,4,711,728,22,42,792,244,8,0,252
Grading,Completed Works,Ongoing Works,Sr.No.,Monitor,Year,Month,State,District,S,SRI,U,Total,S,SRI,U,Total,S,SRI,U,Total,S,SRI,U,Total,10,Devendra  Prasad,2023,September,Jharkhand,Bokaro,2,0,0,2,2,0,0,2,3,0,0,3,4,0,0,4,Total,9,0,0,9,7,0,0,7,32,0,1,33,9,0,0,9,Grand Total,164,1,0,165,703,4,4,711,728,22,42,792,244,8,0,252
Grading,Completed Works,Ongoing Works,Sr.No.,Monitor,Year,Month,State,District,S,SRI,U,Total,S,SRI,U,Total,S,SRI,U,Total,S,SRI,U,Total,10,Devendra  Prasad,2023,October,Jharkhand,Pashchimi Singhbhum,0,0,0,0,1,0,0,1,13,0,0,13,3,0,0,3,Total,9,0,0,9,7,0,0,7,32,0,1,33,9,0,0,9,Grand Total,164,1,0,165,703,4,4,711,728,22,42,792,244,8,0,252
Grading,Completed Works,Ongoing Works,Sr.No.,Monitor,Year,Month,State,District,S,SRI,U,Total,S,SRI,U,Total,S,SRI,U,Total,S,SRI,U,Total,10,Devendra  Prasad,2023,November,Jharkhand,Bokaro,4,0,0,4,3,0,0,3,1,0,0,1,1,0,0,1,Total,9,0,0,9,7,0,0,7,32,0,1,33,9,0,0,9,Grand Total,164,1,0,165,703,4,4,711,728,22,42,792,244,8,0,252
Grading,Completed Works,Ongoing Works,Sr.No.,Monitor,Year,Month,State,District,S,SRI,U,Total,S,SRI,U,Total,S,SRI,U,Total,S,SRI,U,Total,11,Dina nath  Prasad,2023,January,Jharkhand,Gumla,0,0,0,0,2,0,0,2,0,0,0,0,0,0,0,0,Total,0,0,0,0,2,0,0,2,0,0,0,0,0,0,0,0,Grand Total,164,1,0,165,703,4,4,711,728,22,42,792,244,8,0,252
Grading,Completed Works,Ongoing Works,Sr.No.,Monitor,Year,Month,State,District,S,SRI,U,Total,S,SRI,U,Total,S,SRI,U,Total,S,SRI,U,Total,12,Jai Prakash  Singh,2023,January,Jharkhand,Pakur,0,0,0,0,5,1,0,6,0,0,0,0,0,0,0,0,Total,5,0,0,5,15,1,0,16,15,1,0,16,3,0,0,3,Grand Total,164,1,0,165,703,4,4,711,728,22,42,792,244,8,0,252
Grading,Completed Works,Ongoing Works,Sr.No.,Monitor,Year,Month,State,District,S,SRI,U,Total,S,SRI,U,Total,S,SRI,U,Total,S,SRI,U,Total,12,Jai Prakash  Singh,2023,February,Jharkhand,Lohardaga,2,0,0,2,4,0,0,4,0,0,0,0,0,0,0,0,Total,5,0,0,5,15,1,0,16,15,1,0,16,3,0,0,3,Grand Total,164,1,0,165,703,4,4,711,728,22,42,792,244,8,0,252
Grading,Completed Works,Ongoing Works,Sr.No.,Monitor,Year,Month,State,District,S,SRI,U,Total,S,SRI,U,Total,S,SRI,U,Total,S,SRI,U,Total,12,Jai Prakash  Singh,2023,June,Jharkhand,Hazaribagh,0,0,0,0,0,0,0,0,5,0,0,5,0,0,0,0,Total,5,0,0,5,15,1,0,16,15,1,0,16,3,0,0,3,Grand Total,164,1,0,165,703,4,4,711,728,22,42,792,244,8,0,252
Grading,Completed Works,Ongoing Works,Sr.No.,Monitor,Year,Month,State,District,S,SRI,U,Total,S,SRI,U,Total,S,SRI,U,Total,S,SRI,U,Total,12,Jai Prakash  Singh,2023,July,Jharkhand,Simdega,0,0,0,0,0,0,0,0,4,1,0,5,1,0,0,1,Total,5,0,0,5,15,1,0,16,15,1,0,16,3,0,0,3,Grand Total,164,1,0,165,703,4,4,711,728,22,42,792,244,8,0,252
Grading,Completed Works,Ongoing Works,Sr.No.,Monitor,Year,Month,State,District,S,SRI,U,Total,S,SRI,U,Total,S,SRI,U,Total,S,SRI,U,Total,12,Jai Prakash  Singh,2023,September,Jharkhand,Khunti,0,0,0,0,2,0,0,2,6,0,0,6,2,0,0,2,Total,5,0,0,5,15,1,0,16,15,1,0,16,3,0,0,3,Grand Total,164,1,0,165,703,4,4,711,728,22,42,792,244,8,0,252
Grading,Completed Works,Ongoing Works,Sr.No.,Monitor,Year,Month,State,District,S,SRI,U,Total,S,SRI,U,Total,S,SRI,U,Total,S,SRI,U,Total,12,Jai Prakash  Singh,2023,October,Jharkhand,Chatra,3,0,0,3,4,0,0,4,0,0,0,0,0,0,0,0,Total,5,0,0,5,15,1,0,16,15,1,0,16,3,0,0,3,Grand Total,164,1,0,165,703,4,4,711,728,22,42,792,244,8,0,252
Grading,Completed Works,Ongoing Works,Sr.No.,Monitor,Year,Month,State,District,S,SRI,U,Total,S,SRI,U,Total,S,SRI,U,Total,S,SRI,U,Total,13,Jawahar   Sah,2023,January,Jharkhand,Latehar,0,0,0,0,11,0,0,11,7,0,0,7,7,0,0,7,Total,5,0,0,5,42,2,0,44,27,0,0,27,10,0,0,10,Grand Total,164,1,0,165,703,4,4,711,728,22,42,792,244,8,0,252
Grading,Completed Works,Ongoing Works,Sr.No.,Monitor,Year,Month,State,District,S,SRI,U,Total,S,SRI,U,Total,S,SRI,U,Total,S,SRI,U,Total,13,Jawahar   Sah,2023,February,Jharkhand,Purbi Singhbhum,1,0,0,1,6,0,0,6,7,0,0,7,0,0,0,0,Total,5,0,0,5,42,2,0,44,27,0,0,27,10,0,0,10,Grand Total,164,1,0,165,703,4,4,711,728,22,42,792,244,8,0,252
Grading,Completed Works,Ongoing Works,Sr.No.,Monitor,Year,Month,State,District,S,SRI,U,Total,S,SRI,U,Total,S,SRI,U,Total,S,SRI,U,Total,13,Jawahar   Sah,2023,March,Jharkhand,Godda,0,0,0,0,0,0,0,0,2,0,0,2,0,0,0,0,Total,5,0,0,5,42,2,0,44,27,0,0,27,10,0,0,10,Grand Total,164,1,0,165,703,4,4,711,728,22,42,792,244,8,0,252
Grading,Completed Works,Ongoing Works,Sr.No.,Monitor,Year,Month,State,District,S,SRI,U,Total,S,SRI,U,Total,S,SRI,U,Total,S,SRI,U,Total,13,Jawahar   Sah,2023,March,Jharkhand,Gumla,0,0,0,0,6,2,0,8,2,0,0,2,0,0,0,0,Total,5,0,0,5,42,2,0,44,27,0,0,27,10,0,0,10,Grand Total,164,1,0,165,703,4,4,711,728,22,42,792,244,8,0,252
Grading,Completed Works,Ongoing Works,Sr.No.,Monitor,Year,Month,State,District,S,SRI,U,Total,S,SRI,U,Total,S,SRI,U,Total,S,SRI,U,Total,13,Jawahar   Sah,2023,May,Jharkhand,Hazaribagh,0,0,0,0,5,0,0,5,0,0,0,0,1,0,0,1,Total,5,0,0,5,42,2,0,44,27,0,0,27,10,0,0,10,Grand Total,164,1,0,165,703,4,4,711,728,22,42,792,244,8,0,252
Grading,Completed Works,Ongoing Works,Sr.No.,Monitor,Year,Month,State,District,S,SRI,U,Total,S,SRI,U,Total,S,SRI,U,Total,S,SRI,U,Total,13,Jawahar   Sah,2023,June,Jharkhand,Purbi Singhbhum,2,0,0,2,4,0,0,4,9,0,0,9,1,0,0,1,Total,5,0,0,5,42,2,0,44,27,0,0,27,10,0,0,10,Grand Total,164,1,0,165,703,4,4,711,728,22,42,792,244,8,0,252
Grading,Completed Works,Ongoing Works,Sr.No.,Monitor,Year,Month,State,District,S,SRI,U,Total,S,SRI,U,Total,S,SRI,U,Total,S,SRI,U,Total,13,Jawahar   Sah,2023,September,Jharkhand,Gumla,2,0,0,2,10,0,0,10,0,0,0,0,1,0,0,1,Total,5,0,0,5,42,2,0,44,27,0,0,27,10,0,0,10,Grand Total,164,1,0,165,703,4,4,711,728,22,42,792,244,8,0,252
Grading,Completed Works,Ongoing Works,Sr.No.,Monitor,Year,Month,State,District,S,SRI,U,Total,S,SRI,U,Total,S,SRI,U,Total,S,SRI,U,Total,14,Kailash  Ram,2023,January,Jharkhand,Hazaribagh,3,0,0,3,3,0,0,3,6,0,0,6,0,0,0,0,Total,6,0,0,6,12,0,0,12,40,3,1,44,12,0,0,12,Grand Total,164,1,0,165,703,4,4,711,728,22,42,792,244,8,0,252
Grading,Completed Works,Ongoing Works,Sr.No.,Monitor,Year,Month,State,District,S,SRI,U,Total,S,SRI,U,Total,S,SRI,U,Total,S,SRI,U,Total,14,Kailash  Ram,2023,February,Jharkhand,Ranchi,1,0,0,1,0,0,0,0,4,2,0,6,1,0,0,1,Total,6,0,0,6,12,0,0,12,40,3,1,44,12,0,0,12,Grand Total,164,1,0,165,703,4,4,711,728,22,42,792,244,8,0,252
Grading,Completed Works,Ongoing Works,Sr.No.,Monitor,Year,Month,State,District,S,SRI,U,Total,S,SRI,U,Total,S,SRI,U,Total,S,SRI,U,Total,14,Kailash  Ram,2023,April,Jharkhand,Giridih,0,0,0,0,1,0,0,1,8,0,1,9,2,0,0,2,Total,6,0,0,6,12,0,0,12,40,3,1,44,12,0,0,12,Grand Total,164,1,0,165,703,4,4,711,728,22,42,792,244,8,0,252
Grading,Completed Works,Ongoing Works,Sr.No.,Monitor,Year,Month,State,District,S,SRI,U,Total,S,SRI,U,Total,S,SRI,U,Total,S,SRI,U,Total,14,Kailash  Ram,2023,July,Jharkhand,Latehar,0,0,0,0,0,0,0,0,0,0,0,0,1,0,0,1,Total,6,0,0,6,12,0,0,12,40,3,1,44,12,0,0,12,Grand Total,164,1,0,165,703,4,4,711,728,22,42,792,244,8,0,252
Grading,Completed Works,Ongoing Works,Sr.No.,Monitor,Year,Month,State,District,S,SRI,U,Total,S,SRI,U,Total,S,SRI,U,Total,S,SRI,U,Total,14,Kailash  Ram,2023,August,Jharkhand,Purbi Singhbhum,1,0,0,1,2,0,0,2,12,0,0,12,1,0,0,1,Total,6,0,0,6,12,0,0,12,40,3,1,44,12,0,0,12,Grand Total,164,1,0,165,703,4,4,711,728,22,42,792,244,8,0,252
Grading,Completed Works,Ongoing Works,Sr.No.,Monitor,Year,Month,State,District,S,SRI,U,Total,S,SRI,U,Total,S,SRI,U,Total,S,SRI,U,Total,14,Kailash  Ram,2023,October,Jharkhand,Latehar,0,0,0,0,1,0,0,1,3,1,0,4,2,0,0,2,Total,6,0,0,6,12,0,0,12,40,3,1,44,12,0,0,12,Grand Total,164,1,0,165,703,4,4,711,728,22,42,792,244,8,0,252
Grading,Completed Works,Ongoing Works,Sr.No.,Monitor,Year,Month,State,District,S,SRI,U,Total,S,SRI,U,Total,S,SRI,U,Total,S,SRI,U,Total,14,Kailash  Ram,2023,November,Jharkhand,Khunti,1,0,0,1,5,0,0,5,7,0,0,7,5,0,0,5,Total,6,0,0,6,12,0,0,12,40,3,1,44,12,0,0,12,Grand Total,164,1,0,165,703,4,4,711,728,22,42,792,244,8,0,252
Grading,Completed Works,Ongoing Works,Sr.No.,Monitor,Year,Month,State,District,S,SRI,U,Total,S,SRI,U,Total,S,SRI,U,Total,S,SRI,U,Total,15,Lalan  Prasad Singh,2023,January,Jharkhand,Khunti,0,0,0,0,10,0,0,10,0,0,0,0,1,0,0,1,Total,1,0,0,1,28,0,0,28,0,0,0,0,6,0,0,6,Grand Total,164,1,0,165,703,4,4,711,728,22,42,792,244,8,0,252
Grading,Completed Works,Ongoing Works,Sr.No.,Monitor,Year,Month,State,District,S,SRI,U,Total,S,SRI,U,Total,S,SRI,U,Total,S,SRI,U,Total,15,Lalan  Prasad Singh,2023,February,Jharkhand,Garhwa,0,0,0,0,6,0,0,6,0,0,0,0,1,0,0,1,Total,1,0,0,1,28,0,0,28,0,0,0,0,6,0,0,6,Grand Total,164,1,0,165,703,4,4,711,728,22,42,792,244,8,0,252
Grading,Completed Works,Ongoing Works,Sr.No.,Monitor,Year,Month,State,District,S,SRI,U,Total,S,SRI,U,Total,S,SRI,U,Total,S,SRI,U,Total,15,Lalan  Prasad Singh,2023,April,Jharkhand,Lohardaga,0,0,0,0,3,0,0,3,0,0,0,0,3,0,0,3,Total,1,0,0,1,28,0,0,28,0,0,0,0,6,0,0,6,Grand Total,164,1,0,165,703,4,4,711,728,22,42,792,244,8,0,252
Grading,Completed Works,Ongoing Works,Sr.No.,Monitor,Year,Month,State,District,S,SRI,U,Total,S,SRI,U,Total,S,SRI,U,Total,S,SRI,U,Total,15,Lalan  Prasad Singh,2023,July,Jharkhand,Chatra,1,0,0,1,9,0,0,9,0,0,0,0,1,0,0,1,Total,1,0,0,1,28,0,0,28,0,0,0,0,6,0,0,6,Grand Total,164,1,0,165,703,4,4,711,728,22,42,792,244,8,0,252
Grading,Completed Works,Ongoing Works,Sr.No.,Monitor,Year,Month,State,District,S,SRI,U,Total,S,SRI,U,Total,S,SRI,U,Total,S,SRI,U,Total,16,Mamoodin  Ali,2023,July,Jharkhand,Lohardaga,1,0,0,1,4,0,0,4,0,0,0,0,0,0,0,0,Total,5,0,0,5,6,0,0,6,4,0,0,4,1,0,0,1,Grand Total,164,1,0,165,703,4,4,711,728,22,42,792,244,8,0,252
Grading,Completed Works,Ongoing Works,Sr.No.,Monitor,Year,Month,State,District,S,SRI,U,Total,S,SRI,U,Total,S,SRI,U,Total,S,SRI,U,Total,16,Mamoodin  Ali,2023,September,Jharkhand,Dhanbad,3,0,0,3,2,0,0,2,1,0,0,1,0,0,0,0,Total,5,0,0,5,6,0,0,6,4,0,0,4,1,0,0,1,Grand Total,164,1,0,165,703,4,4,711,728,22,42,792,244,8,0,252
Grading,Completed Works,Ongoing Works,Sr.No.,Monitor,Year,Month,State,District,S,SRI,U,Total,S,SRI,U,Total,S,SRI,U,Total,S,SRI,U,Total,16,Mamoodin  Ali,2023,November,Jharkhand,Garhwa,1,0,0,1,0,0,0,0,3,0,0,3,1,0,0,1,Total,5,0,0,5,6,0,0,6,4,0,0,4,1,0,0,1,Grand Total,164,1,0,165,703,4,4,711,728,22,42,792,244,8,0,252
Grading,Completed Works,Ongoing Works,Sr.No.,Monitor,Year,Month,State,District,S,SRI,U,Total,S,SRI,U,Total,S,SRI,U,Total,S,SRI,U,Total,17,Mani  Kant Sinha,2023,January,Jharkhand,Hazaribagh,0,0,0,0,9,0,0,9,16,0,0,16,2,0,0,2,Total,7,0,0,7,58,0,0,58,45,4,1,50,16,1,0,17,Grand Total,164,1,0,165,703,4,4,711,728,22,42,792,244,8,0,252
Grading,Completed Works,Ongoing Works,Sr.No.,Monitor,Year,Month,State,District,S,SRI,U,Total,S,SRI,U,Total,S,SRI,U,Total,S,SRI,U,Total,17,Mani  Kant Sinha,2023,March,Jharkhand,Giridih,0,0,0,0,8,0,0,8,4,0,0,4,4,1,0,5,Total,7,0,0,7,58,0,0,58,45,4,1,50,16,1,0,17,Grand Total,164,1,0,165,703,4,4,711,728,22,42,792,244,8,0,252
Grading,Completed Works,Ongoing Works,Sr.No.,Monitor,Year,Month,State,District,S,SRI,U,Total,S,SRI,U,Total,S,SRI,U,Total,S,SRI,U,Total,17,Mani  Kant Sinha,2023,April,Jharkhand,Hazaribagh,0,0,0,0,10,0,0,10,4,0,0,4,2,0,0,2,Total,7,0,0,7,58,0,0,58,45,4,1,50,16,1,0,17,Grand Total,164,1,0,165,703,4,4,711,728,22,42,792,244,8,0,252
Grading,Completed Works,Ongoing Works,Sr.No.,Monitor,Year,Month,State,District,S,SRI,U,Total,S,SRI,U,Total,S,SRI,U,Total,S,SRI,U,Total,17,Mani  Kant Sinha,2023,May,Jharkhand,Giridih,0,0,0,0,10,0,0,10,5,1,0,6,3,0,0,3,Total,7,0,0,7,58,0,0,58,45,4,1,50,16,1,0,17,Grand Total,164,1,0,165,703,4,4,711,728,22,42,792,244,8,0,252
Grading,Completed Works,Ongoing Works,Sr.No.,Monitor,Year,Month,State,District,S,SRI,U,Total,S,SRI,U,Total,S,SRI,U,Total,S,SRI,U,Total,17,Mani  Kant Sinha,2023,June,Jharkhand,Bokaro,1,0,0,1,5,0,0,5,5,3,0,8,2,0,0,2,Total,7,0,0,7,58,0,0,58,45,4,1,50,16,1,0,17,Grand Total,164,1,0,165,703,4,4,711,728,22,42,792,244,8,0,252
Grading,Completed Works,Ongoing Works,Sr.No.,Monitor,Year,Month,State,District,S,SRI,U,Total,S,SRI,U,Total,S,SRI,U,Total,S,SRI,U,Total,17,Mani  Kant Sinha,2023,July,Jharkhand,Giridih,1,0,0,1,9,0,0,9,11,0,0,11,3,0,0,3,Total,7,0,0,7,58,0,0,58,45,4,1,50,16,1,0,17,Grand Total,164,1,0,165,703,4,4,711,728,22,42,792,244,8,0,252
Grading,Completed Works,Ongoing Works,Sr.No.,Monitor,Year,Month,State,District,S,SRI,U,Total,S,SRI,U,Total,S,SRI,U,Total,S,SRI,U,Total,17,Mani  Kant Sinha,2023,October,Jharkhand,Dhanbad,4,0,0,4,3,0,0,3,0,0,1,1,0,0,0,0,Total,7,0,0,7,58,0,0,58,45,4,1,50,16,1,0,17,Grand Total,164,1,0,165,703,4,4,711,728,22,42,792,244,8,0,252
Grading,Completed Works,Ongoing Works,Sr.No.,Monitor,Year,Month,State,District,S,SRI,U,Total,S,SRI,U,Total,S,SRI,U,Total,S,SRI,U,Total,17,Mani  Kant Sinha,2023,November,Jharkhand,Lohardaga,1,0,0,1,4,0,0,4,0,0,0,0,0,0,0,0,Total,7,0,0,7,58,0,0,58,45,4,1,50,16,1,0,17,Grand Total,164,1,0,165,703,4,4,711,728,22,42,792,244,8,0,252
Grading,Completed Works,Ongoing Works,Sr.No.,Monitor,Year,Month,State,District,S,SRI,U,Total,S,SRI,U,Total,S,SRI,U,Total,S,SRI,U,Total,18,Md  Sarfaraz,2023,April,Jharkhand,Khunti,0,0,0,0,1,0,0,1,17,0,0,17,0,0,0,0,Total,1,0,0,1,2,0,0,2,17,0,0,17,0,0,0,0,Grand Total,164,1,0,165,703,4,4,711,728,22,42,792,244,8,0,252
Grading,Completed Works,Ongoing Works,Sr.No.,Monitor,Year,Month,State,District,S,SRI,U,Total,S,SRI,U,Total,S,SRI,U,Total,S,SRI,U,Total,18,Md  Sarfaraz,2023,September,Jharkhand,Saraikela Kharsawan,1,0,0,1,1,0,0,1,0,0,0,0,0,0,0,0,Total,1,0,0,1,2,0,0,2,17,0,0,17,0,0,0,0,Grand Total,164,1,0,165,703,4,4,711,728,22,42,792,244,8,0,252
Grading,Completed Works,Ongoing Works,Sr.No.,Monitor,Year,Month,State,District,S,SRI,U,Total,S,SRI,U,Total,S,SRI,U,Total,S,SRI,U,Total,19,Paras Nath Singh,2023,October,Jharkhand,Khunti,0,0,0,0,0,0,0,0,0,0,4,4,0,0,0,0,Total,0,0,0,0,0,0,0,0,0,0,4,4,0,0,0,0,Grand Total,164,1,0,165,703,4,4,711,728,22,42,792,244,8,0,252
Grading,Completed Works,Ongoing Works,Sr.No.,Monitor,Year,Month,State,District,S,SRI,U,Total,S,SRI,U,Total,S,SRI,U,Total,S,SRI,U,Total,20,Parsoon  Chandra Kumar,2023,January,Jharkhand,Pashchimi Singhbhum,2,0,0,2,3,0,0,3,2,0,1,3,1,0,0,1,Total,9,0,0,9,17,0,0,17,28,0,2,30,6,0,0,6,Grand Total,164,1,0,165,703,4,4,711,728,22,42,792,244,8,0,252
Grading,Completed Works,Ongoing Works,Sr.No.,Monitor,Year,Month,State,District,S,SRI,U,Total,S,SRI,U,Total,S,SRI,U,Total,S,SRI,U,Total,20,Parsoon  Chandra Kumar,2023,March,Jharkhand,Garhwa,0,0,0,0,4,0,0,4,2,0,0,2,0,0,0,0,Total,9,0,0,9,17,0,0,17,28,0,2,30,6,0,0,6,Grand Total,164,1,0,165,703,4,4,711,728,22,42,792,244,8,0,252
Grading,Completed Works,Ongoing Works,Sr.No.,Monitor,Year,Month,State,District,S,SRI,U,Total,S,SRI,U,Total,S,SRI,U,Total,S,SRI,U,Total,20,Parsoon  Chandra Kumar,2023,April,Jharkhand,Palamu,0,0,0,0,3,0,0,3,13,0,0,13,0,0,0,0,Total,9,0,0,9,17,0,0,17,28,0,2,30,6,0,0,6,Grand Total,164,1,0,165,703,4,4,711,728,22,42,792,244,8,0,252
Grading,Completed Works,Ongoing Works,Sr.No.,Monitor,Year,Month,State,District,S,SRI,U,Total,S,SRI,U,Total,S,SRI,U,Total,S,SRI,U,Total,20,Parsoon  Chandra Kumar,2023,July,Jharkhand,Deoghar,0,0,0,0,0,0,0,0,2,0,0,2,2,0,0,2,Total,9,0,0,9,17,0,0,17,28,0,2,30,6,0,0,6,Grand Total,164,1,0,165,703,4,4,711,728,22,42,792,244,8,0,252
Grading,Completed Works,Ongoing Works,Sr.No.,Monitor,Year,Month,State,District,S,SRI,U,Total,S,SRI,U,Total,S,SRI,U,Total,S,SRI,U,Total,20,Parsoon  Chandra Kumar,2023,September,Jharkhand,Lohardaga,0,0,0,0,6,0,0,6,0,0,0,0,2,0,0,2,Total,9,0,0,9,17,0,0,17,28,0,2,30,6,0,0,6,Grand Total,164,1,0,165,703,4,4,711,728,22,42,792,244,8,0,252
Grading,Completed Works,Ongoing Works,Sr.No.,Monitor,Year,Month,State,District,S,SRI,U,Total,S,SRI,U,Total,S,SRI,U,Total,S,SRI,U,Total,20,Parsoon  Chandra Kumar,2023,November,Jharkhand,Hazaribagh,7,0,0,7,1,0,0,1,9,0,1,10,1,0,0,1,Total,9,0,0,9,17,0,0,17,28,0,2,30,6,0,0,6,Grand Total,164,1,0,165,703,4,4,711,728,22,42,792,244,8,0,252
Grading,Completed Works,Ongoing Works,Sr.No.,Monitor,Year,Month,State,District,S,SRI,U,Total,S,SRI,U,Total,S,SRI,U,Total,S,SRI,U,Total,21,Prakash  Chandra Singh,2023,July,Jharkhand,Dhanbad,3,0,0,3,2,0,0,2,1,0,0,1,0,0,0,0,Total,6,0,0,6,7,0,0,7,5,0,1,6,1,0,0,1,Grand Total,164,1,0,165,703,4,4,711,728,22,42,792,244,8,0,252
Grading,Completed Works,Ongoing Works,Sr.No.,Monitor,Year,Month,State,District,S,SRI,U,Total,S,SRI,U,Total,S,SRI,U,Total,S,SRI,U,Total,21,Prakash  Chandra Singh,2023,October,Jharkhand,Hazaribagh,3,0,0,3,0,0,0,0,2,0,0,2,1,0,0,1,Total,6,0,0,6,7,0,0,7,5,0,1,6,1,0,0,1,Grand Total,164,1,0,165,703,4,4,711,728,22,42,792,244,8,0,252
Grading,Completed Works,Ongoing Works,Sr.No.,Monitor,Year,Month,State,District,S,SRI,U,Total,S,SRI,U,Total,S,SRI,U,Total,S,SRI,U,Total,21,Prakash  Chandra Singh,2023,November,Jharkhand,Chatra,0,0,0,0,5,0,0,5,2,0,1,3,0,0,0,0,Total,6,0,0,6,7,0,0,7,5,0,1,6,1,0,0,1,Grand Total,164,1,0,165,703,4,4,711,728,22,42,792,244,8,0,252
Grading,Completed Works,Ongoing Works,Sr.No.,Monitor,Year,Month,State,District,S,SRI,U,Total,S,SRI,U,Total,S,SRI,U,Total,S,SRI,U,Total,22,Pramod  Bihari Giri,2023,January,Jharkhand,Gumla,1,0,0,1,6,0,0,6,9,0,0,9,3,1,0,4,Total,8,0,0,8,22,0,0,22,33,0,2,35,15,1,0,16,Grand Total,164,1,0,165,703,4,4,711,728,22,42,792,244,8,0,252
Grading,Completed Works,Ongoing Works,Sr.No.,Monitor,Year,Month,State,District,S,SRI,U,Total,S,SRI,U,Total,S,SRI,U,Total,S,SRI,U,Total,22,Pramod  Bihari Giri,2023,February,Jharkhand,Latehar,0,0,0,0,4,0,0,4,0,0,0,0,6,0,0,6,Total,8,0,0,8,22,0,0,22,33,0,2,35,15,1,0,16,Grand Total,164,1,0,165,703,4,4,711,728,22,42,792,244,8,0,252
Grading,Completed Works,Ongoing Works,Sr.No.,Monitor,Year,Month,State,District,S,SRI,U,Total,S,SRI,U,Total,S,SRI,U,Total,S,SRI,U,Total,22,Pramod  Bihari Giri,2023,April,Jharkhand,Latehar,0,0,0,0,8,0,0,8,0,0,0,0,6,0,0,6,Total,8,0,0,8,22,0,0,22,33,0,2,35,15,1,0,16,Grand Total,164,1,0,165,703,4,4,711,728,22,42,792,244,8,0,252
Grading,Completed Works,Ongoing Works,Sr.No.,Monitor,Year,Month,State,District,S,SRI,U,Total,S,SRI,U,Total,S,SRI,U,Total,S,SRI,U,Total,22,Pramod  Bihari Giri,2023,May,Jharkhand,Ranchi,0,0,0,0,0,0,0,0,11,0,0,11,0,0,0,0,Total,8,0,0,8,22,0,0,22,33,0,2,35,15,1,0,16,Grand Total,164,1,0,165,703,4,4,711,728,22,42,792,244,8,0,252
Grading,Completed Works,Ongoing Works,Sr.No.,Monitor,Year,Month,State,District,S,SRI,U,Total,S,SRI,U,Total,S,SRI,U,Total,S,SRI,U,Total,22,Pramod  Bihari Giri,2023,June,Jharkhand,Gumla,2,0,0,2,4,0,0,4,11,0,2,13,0,0,0,0,Total,8,0,0,8,22,0,0,22,33,0,2,35,15,1,0,16,Grand Total,164,1,0,165,703,4,4,711,728,22,42,792,244,8,0,252
Grading,Completed Works,Ongoing Works,Sr.No.,Monitor,Year,Month,State,District,S,SRI,U,Total,S,SRI,U,Total,S,SRI,U,Total,S,SRI,U,Total,22,Pramod  Bihari Giri,2023,August,Jharkhand,Dhanbad,5,0,0,5,0,0,0,0,2,0,0,2,0,0,0,0,Total,8,0,0,8,22,0,0,22,33,0,2,35,15,1,0,16,Grand Total,164,1,0,165,703,4,4,711,728,22,42,792,244,8,0,252
Grading,Completed Works,Ongoing Works,Sr.No.,Monitor,Year,Month,State,District,S,SRI,U,Total,S,SRI,U,Total,S,SRI,U,Total,S,SRI,U,Total,23,Radhe Shyam Jha,2023,January,Jharkhand,Giridih,0,0,0,0,12,0,0,12,8,0,3,11,3,0,0,3,Total,0,0,0,0,22,0,0,22,14,0,3,17,3,0,0,3,Grand Total,164,1,0,165,703,4,4,711,728,22,42,792,244,8,0,252
Grading,Completed Works,Ongoing Works,Sr.No.,Monitor,Year,Month,State,District,S,SRI,U,Total,S,SRI,U,Total,S,SRI,U,Total,S,SRI,U,Total,23,Radhe Shyam Jha,2023,February,Jharkhand,Hazaribagh,0,0,0,0,10,0,0,10,6,0,0,6,0,0,0,0,Total,0,0,0,0,22,0,0,22,14,0,3,17,3,0,0,3,Grand Total,164,1,0,165,703,4,4,711,728,22,42,792,244,8,0,252
Grading,Completed Works,Ongoing Works,Sr.No.,Monitor,Year,Month,State,District,S,SRI,U,Total,S,SRI,U,Total,S,SRI,U,Total,S,SRI,U,Total,24,Rajendra  Prasad,2023,August,Jharkhand,Ramgarh,0,0,0,0,1,0,0,1,0,0,0,0,0,0,0,0,Total,0,0,0,0,1,0,0,1,0,0,0,0,0,0,0,0,Grand Total,164,1,0,165,703,4,4,711,728,22,42,792,244,8,0,252
Grading,Completed Works,Ongoing Works,Sr.No.,Monitor,Year,Month,State,District,S,SRI,U,Total,S,SRI,U,Total,S,SRI,U,Total,S,SRI,U,Total,25,Rajendra Ram Ganjhu,2023,February,Jharkhand,Saraikela Kharsawan,0,0,0,0,6,0,0,6,0,0,0,0,0,0,0,0,Total,0,0,0,0,11,0,0,11,0,0,0,0,0,0,0,0,Grand Total,164,1,0,165,703,4,4,711,728,22,42,792,244,8,0,252
Grading,Completed Works,Ongoing Works,Sr.No.,Monitor,Year,Month,State,District,S,SRI,U,Total,S,SRI,U,Total,S,SRI,U,Total,S,SRI,U,Total,25,Rajendra Ram Ganjhu,2023,March,Jharkhand,Pakur,0,0,0,0,5,0,0,5,0,0,0,0,0,0,0,0,Total,0,0,0,0,11,0,0,11,0,0,0,0,0,0,0,0,Grand Total,164,1,0,165,703,4,4,711,728,22,42,792,244,8,0,252
Grading,Completed Works,Ongoing Works,Sr.No.,Monitor,Year,Month,State,District,S,SRI,U,Total,S,SRI,U,Total,S,SRI,U,Total,S,SRI,U,Total,26,Ram Deo Sinha,2023,February,Jharkhand,Bokaro,0,0,0,0,5,0,0,5,11,0,0,11,1,0,0,1,Total,2,0,0,2,13,0,0,13,22,0,0,22,3,0,0,3,Grand Total,164,1,0,165,703,4,4,711,728,22,42,792,244,8,0,252
Grading,Completed Works,Ongoing Works,Sr.No.,Monitor,Year,Month,State,District,S,SRI,U,Total,S,SRI,U,Total,S,SRI,U,Total,S,SRI,U,Total,26,Ram Deo Sinha,2023,May,Jharkhand,Jamtara,0,0,0,0,0,0,0,0,7,0,0,7,0,0,0,0,Total,2,0,0,2,13,0,0,13,22,0,0,22,3,0,0,3,Grand Total,164,1,0,165,703,4,4,711,728,22,42,792,244,8,0,252
Grading,Completed Works,Ongoing Works,Sr.No.,Monitor,Year,Month,State,District,S,SRI,U,Total,S,SRI,U,Total,S,SRI,U,Total,S,SRI,U,Total,26,Ram Deo Sinha,2023,July,Jharkhand,Palamu,0,0,0,0,2,0,0,2,0,0,0,0,0,0,0,0,Total,2,0,0,2,13,0,0,13,22,0,0,22,3,0,0,3,Grand Total,164,1,0,165,703,4,4,711,728,22,42,792,244,8,0,252
Grading,Completed Works,Ongoing Works,Sr.No.,Monitor,Year,Month,State,District,S,SRI,U,Total,S,SRI,U,Total,S,SRI,U,Total,S,SRI,U,Total,26,Ram Deo Sinha,2023,October,Jharkhand,Pashchimi Singhbhum,2,0,0,2,6,0,0,6,4,0,0,4,2,0,0,2,Total,2,0,0,2,13,0,0,13,22,0,0,22,3,0,0,3,Grand Total,164,1,0,165,703,4,4,711,728,22,42,792,244,8,0,252
Grading,Completed Works,Ongoing Works,Sr.No.,Monitor,Year,Month,State,District,S,SRI,U,Total,S,SRI,U,Total,S,SRI,U,Total,S,SRI,U,Total,27,Ram Kumar Singh,2023,January,Jharkhand,Purbi Singhbhum,0,1,0,1,2,0,0,2,8,0,0,8,0,0,0,0,Total,1,1,0,2,14,0,0,14,17,0,3,20,8,0,0,8,Grand Total,164,1,0,165,703,4,4,711,728,22,42,792,244,8,0,252
Grading,Completed Works,Ongoing Works,Sr.No.,Monitor,Year,Month,State,District,S,SRI,U,Total,S,SRI,U,Total,S,SRI,U,Total,S,SRI,U,Total,27,Ram Kumar Singh,2023,March,Jharkhand,Purbi Singhbhum,0,0,0,0,2,0,0,2,6,0,0,6,0,0,0,0,Total,1,1,0,2,14,0,0,14,17,0,3,20,8,0,0,8,Grand Total,164,1,0,165,703,4,4,711,728,22,42,792,244,8,0,252
Grading,Completed Works,Ongoing Works,Sr.No.,Monitor,Year,Month,State,District,S,SRI,U,Total,S,SRI,U,Total,S,SRI,U,Total,S,SRI,U,Total,27,Ram Kumar Singh,2023,June,Jharkhand,Simdega,0,0,0,0,1,0,0,1,2,0,3,5,1,0,0,1,Total,1,1,0,2,14,0,0,14,17,0,3,20,8,0,0,8,Grand Total,164,1,0,165,703,4,4,711,728,22,42,792,244,8,0,252
Grading,Completed Works,Ongoing Works,Sr.No.,Monitor,Year,Month,State,District,S,SRI,U,Total,S,SRI,U,Total,S,SRI,U,Total,S,SRI,U,Total,27,Ram Kumar Singh,2023,August,Jharkhand,Bokaro,0,0,0,0,3,0,0,3,1,0,0,1,2,0,0,2,Total,1,1,0,2,14,0,0,14,17,0,3,20,8,0,0,8,Grand Total,164,1,0,165,703,4,4,711,728,22,42,792,244,8,0,252
Grading,Completed Works,Ongoing Works,Sr.No.,Monitor,Year,Month,State,District,S,SRI,U,Total,S,SRI,U,Total,S,SRI,U,Total,S,SRI,U,Total,27,Ram Kumar Singh,2023,September,Jharkhand,Ramgarh,0,0,0,0,2,0,0,2,0,0,0,0,0,0,0,0,Total,1,1,0,2,14,0,0,14,17,0,3,20,8,0,0,8,Grand Total,164,1,0,165,703,4,4,711,728,22,42,792,244,8,0,252
Grading,Completed Works,Ongoing Works,Sr.No.,Monitor,Year,Month,State,District,S,SRI,U,Total,S,SRI,U,Total,S,SRI,U,Total,S,SRI,U,Total,27,Ram Kumar Singh,2023,November,Jharkhand,Giridih,1,0,0,1,4,0,0,4,0,0,0,0,5,0,0,5,Total,1,1,0,2,14,0,0,14,17,0,3,20,8,0,0,8,Grand Total,164,1,0,165,703,4,4,711,728,22,42,792,244,8,0,252
Grading,Completed Works,Ongoing Works,Sr.No.,Monitor,Year,Month,State,District,S,SRI,U,Total,S,SRI,U,Total,S,SRI,U,Total,S,SRI,U,Total,28,Ramjee Ram Prajapati,2023,January,Jharkhand,Khunti,3,0,0,3,0,0,0,0,8,0,0,8,4,0,0,4,Total,6,0,0,6,8,0,1,9,19,0,1,20,4,0,0,4,Grand Total,164,1,0,165,703,4,4,711,728,22,42,792,244,8,0,252
Grading,Completed Works,Ongoing Works,Sr.No.,Monitor,Year,Month,State,District,S,SRI,U,Total,S,SRI,U,Total,S,SRI,U,Total,S,SRI,U,Total,28,Ramjee Ram Prajapati,2023,February,Jharkhand,Dhanbad,0,0,0,0,4,0,0,4,0,0,0,0,0,0,0,0,Total,6,0,0,6,8,0,1,9,19,0,1,20,4,0,0,4,Grand Total,164,1,0,165,703,4,4,711,728,22,42,792,244,8,0,252
Grading,Completed Works,Ongoing Works,Sr.No.,Monitor,Year,Month,State,District,S,SRI,U,Total,S,SRI,U,Total,S,SRI,U,Total,S,SRI,U,Total,28,Ramjee Ram Prajapati,2023,April,Jharkhand,Pashchimi Singhbhum,1,0,0,1,4,0,1,5,0,0,0,0,0,0,0,0,Total,6,0,0,6,8,0,1,9,19,0,1,20,4,0,0,4,Grand Total,164,1,0,165,703,4,4,711,728,22,42,792,244,8,0,252
Grading,Completed Works,Ongoing Works,Sr.No.,Monitor,Year,Month,State,District,S,SRI,U,Total,S,SRI,U,Total,S,SRI,U,Total,S,SRI,U,Total,28,Ramjee Ram Prajapati,2023,June,Jharkhand,Ranchi,1,0,0,1,0,0,0,0,6,0,0,6,0,0,0,0,Total,6,0,0,6,8,0,1,9,19,0,1,20,4,0,0,4,Grand Total,164,1,0,165,703,4,4,711,728,22,42,792,244,8,0,252
Grading,Completed Works,Ongoing Works,Sr.No.,Monitor,Year,Month,State,District,S,SRI,U,Total,S,SRI,U,Total,S,SRI,U,Total,S,SRI,U,Total,28,Ramjee Ram Prajapati,2023,October,Jharkhand,Lohardaga,1,0,0,1,0,0,0,0,5,0,1,6,0,0,0,0,Total,6,0,0,6,8,0,1,9,19,0,1,20,4,0,0,4,Grand Total,164,1,0,165,703,4,4,711,728,22,42,792,244,8,0,252
Grading,Completed Works,Ongoing Works,Sr.No.,Monitor,Year,Month,State,District,S,SRI,U,Total,S,SRI,U,Total,S,SRI,U,Total,S,SRI,U,Total,29,Ranjan Kumar Sinha,2023,April,Jharkhand,Dhanbad,0,0,0,0,4,0,0,4,0,0,0,0,0,0,0,0,Total,6,0,0,6,7,0,0,7,14,2,3,19,3,0,0,3,Grand Total,164,1,0,165,703,4,4,711,728,22,42,792,244,8,0,252
Grading,Completed Works,Ongoing Works,Sr.No.,Monitor,Year,Month,State,District,S,SRI,U,Total,S,SRI,U,Total,S,SRI,U,Total,S,SRI,U,Total,29,Ranjan Kumar Sinha,2023,July,Jharkhand,Garhwa,0,0,0,0,2,0,0,2,3,1,1,5,2,0,0,2,Total,6,0,0,6,7,0,0,7,14,2,3,19,3,0,0,3,Grand Total,164,1,0,165,703,4,4,711,728,22,42,792,244,8,0,252
Grading,Completed Works,Ongoing Works,Sr.No.,Monitor,Year,Month,State,District,S,SRI,U,Total,S,SRI,U,Total,S,SRI,U,Total,S,SRI,U,Total,29,Ranjan Kumar Sinha,2023,September,Jharkhand,Dumka,6,0,0,6,1,0,0,1,2,0,0,2,1,0,0,1,Total,6,0,0,6,7,0,0,7,14,2,3,19,3,0,0,3,Grand Total,164,1,0,165,703,4,4,711,728,22,42,792,244,8,0,252
Grading,Completed Works,Ongoing Works,Sr.No.,Monitor,Year,Month,State,District,S,SRI,U,Total,S,SRI,U,Total,S,SRI,U,Total,S,SRI,U,Total,29,Ranjan Kumar Sinha,2023,October,Jharkhand,Simdega,0,0,0,0,0,0,0,0,4,1,2,7,0,0,0,0,Total,6,0,0,6,7,0,0,7,14,2,3,19,3,0,0,3,Grand Total,164,1,0,165,703,4,4,711,728,22,42,792,244,8,0,252
Grading,Completed Works,Ongoing Works,Sr.No.,Monitor,Year,Month,State,District,S,SRI,U,Total,S,SRI,U,Total,S,SRI,U,Total,S,SRI,U,Total,29,Ranjan Kumar Sinha,2023,November,Jharkhand,Pashchimi Singhbhum,0,0,0,0,0,0,0,0,5,0,0,5,0,0,0,0,Total,6,0,0,6,7,0,0,7,14,2,3,19,3,0,0,3,Grand Total,164,1,0,165,703,4,4,711,728,22,42,792,244,8,0,252
Grading,Completed Works,Ongoing Works,Sr.No.,Monitor,Year,Month,State,District,S,SRI,U,Total,S,SRI,U,Total,S,SRI,U,Total,S,SRI,U,Total,30,Raviendra Kumar Sharma,2023,January,Jharkhand,Saraikela Kharsawan,1,0,0,1,3,0,0,3,1,0,2,3,1,0,0,1,Total,7,0,0,7,31,0,0,31,20,0,2,22,3,0,0,3,Grand Total,164,1,0,165,703,4,4,711,728,22,42,792,244,8,0,252
Grading,Completed Works,Ongoing Works,Sr.No.,Monitor,Year,Month,State,District,S,SRI,U,Total,S,SRI,U,Total,S,SRI,U,Total,S,SRI,U,Total,30,Raviendra Kumar Sharma,2023,February,Jharkhand,Sahibganj,0,0,0,0,5,0,0,5,0,0,0,0,0,0,0,0,Total,7,0,0,7,31,0,0,31,20,0,2,22,3,0,0,3,Grand Total,164,1,0,165,703,4,4,711,728,22,42,792,244,8,0,252
Grading,Completed Works,Ongoing Works,Sr.No.,Monitor,Year,Month,State,District,S,SRI,U,Total,S,SRI,U,Total,S,SRI,U,Total,S,SRI,U,Total,30,Raviendra Kumar Sharma,2023,March,Jharkhand,Saraikela Kharsawan,1,0,0,1,4,0,0,4,4,0,0,4,1,0,0,1,Total,7,0,0,7,31,0,0,31,20,0,2,22,3,0,0,3,Grand Total,164,1,0,165,703,4,4,711,728,22,42,792,244,8,0,252
Grading,Completed Works,Ongoing Works,Sr.No.,Monitor,Year,Month,State,District,S,SRI,U,Total,S,SRI,U,Total,S,SRI,U,Total,S,SRI,U,Total,30,Raviendra Kumar Sharma,2023,April,Jharkhand,Sahibganj,0,0,0,0,4,0,0,4,0,0,0,0,0,0,0,0,Total,7,0,0,7,31,0,0,31,20,0,2,22,3,0,0,3,Grand Total,164,1,0,165,703,4,4,711,728,22,42,792,244,8,0,252
Grading,Completed Works,Ongoing Works,Sr.No.,Monitor,Year,Month,State,District,S,SRI,U,Total,S,SRI,U,Total,S,SRI,U,Total,S,SRI,U,Total,30,Raviendra Kumar Sharma,2023,July,Jharkhand,Purbi Singhbhum,0,0,0,0,4,0,0,4,12,0,0,12,1,0,0,1,Total,7,0,0,7,31,0,0,31,20,0,2,22,3,0,0,3,Grand Total,164,1,0,165,703,4,4,711,728,22,42,792,244,8,0,252
Grading,Completed Works,Ongoing Works,Sr.No.,Monitor,Year,Month,State,District,S,SRI,U,Total,S,SRI,U,Total,S,SRI,U,Total,S,SRI,U,Total,30,Raviendra Kumar Sharma,2023,October,Jharkhand,Saraikela Kharsawan,2,0,0,2,3,0,0,3,3,0,0,3,0,0,0,0,Total,7,0,0,7,31,0,0,31,20,0,2,22,3,0,0,3,Grand Total,164,1,0,165,703,4,4,711,728,22,42,792,244,8,0,252
Grading,Completed Works,Ongoing Works,Sr.No.,Monitor,Year,Month,State,District,S,SRI,U,Total,S,SRI,U,Total,S,SRI,U,Total,S,SRI,U,Total,30,Raviendra Kumar Sharma,2023,November,Jharkhand,Godda,0,0,0,0,6,0,0,6,0,0,0,0,0,0,0,0,Total,7,0,0,7,31,0,0,31,20,0,2,22,3,0,0,3,Grand Total,164,1,0,165,703,4,4,711,728,22,42,792,244,8,0,252
Grading,Completed Works,Ongoing Works,Sr.No.,Monitor,Year,Month,State,District,S,SRI,U,Total,S,SRI,U,Total,S,SRI,U,Total,S,SRI,U,Total,30,Raviendra Kumar Sharma,2023,November,Jharkhand,Sahibganj,3,0,0,3,2,0,0,2,0,0,0,0,0,0,0,0,Total,7,0,0,7,31,0,0,31,20,0,2,22,3,0,0,3,Grand Total,164,1,0,165,703,4,4,711,728,22,42,792,244,8,0,252
Grading,Completed Works,Ongoing Works,Sr.No.,Monitor,Year,Month,State,District,S,SRI,U,Total,S,SRI,U,Total,S,SRI,U,Total,S,SRI,U,Total,31,Ravishankar Kumar Sinha,2023,January,Jharkhand,Chatra,1,0,0,1,1,0,0,1,14,0,0,14,2,0,0,2,Total,9,0,0,9,26,0,0,26,34,0,0,34,7,0,0,7,Grand Total,164,1,0,165,703,4,4,711,728,22,42,792,244,8,0,252
Grading,Completed Works,Ongoing Works,Sr.No.,Monitor,Year,Month,State,District,S,SRI,U,Total,S,SRI,U,Total,S,SRI,U,Total,S,SRI,U,Total,31,Ravishankar Kumar Sinha,2023,March,Jharkhand,Dhanbad,0,0,0,0,6,0,0,6,0,0,0,0,0,0,0,0,Total,9,0,0,9,26,0,0,26,34,0,0,34,7,0,0,7,Grand Total,164,1,0,165,703,4,4,711,728,22,42,792,244,8,0,252
Grading,Completed Works,Ongoing Works,Sr.No.,Monitor,Year,Month,State,District,S,SRI,U,Total,S,SRI,U,Total,S,SRI,U,Total,S,SRI,U,Total,31,Ravishankar Kumar Sinha,2023,April,Jharkhand,Ranchi,0,0,0,0,0,0,0,0,10,0,0,10,0,0,0,0,Total,9,0,0,9,26,0,0,26,34,0,0,34,7,0,0,7,Grand Total,164,1,0,165,703,4,4,711,728,22,42,792,244,8,0,252
Grading,Completed Works,Ongoing Works,Sr.No.,Monitor,Year,Month,State,District,S,SRI,U,Total,S,SRI,U,Total,S,SRI,U,Total,S,SRI,U,Total,31,Ravishankar Kumar Sinha,2023,May,Jharkhand,Dumka,5,0,0,5,10,0,0,10,0,0,0,0,0,0,0,0,Total,9,0,0,9,26,0,0,26,34,0,0,34,7,0,0,7,Grand Total,164,1,0,165,703,4,4,711,728,22,42,792,244,8,0,252
Grading,Completed Works,Ongoing Works,Sr.No.,Monitor,Year,Month,State,District,S,SRI,U,Total,S,SRI,U,Total,S,SRI,U,Total,S,SRI,U,Total,31,Ravishankar Kumar Sinha,2023,June,Jharkhand,Dhanbad,3,0,0,3,5,0,0,5,1,0,0,1,0,0,0,0,Total,9,0,0,9,26,0,0,26,34,0,0,34,7,0,0,7,Grand Total,164,1,0,165,703,4,4,711,728,22,42,792,244,8,0,252
Grading,Completed Works,Ongoing Works,Sr.No.,Monitor,Year,Month,State,District,S,SRI,U,Total,S,SRI,U,Total,S,SRI,U,Total,S,SRI,U,Total,31,Ravishankar Kumar Sinha,2023,August,Jharkhand,Latehar,0,0,0,0,4,0,0,4,3,0,0,3,0,0,0,0,Total,9,0,0,9,26,0,0,26,34,0,0,34,7,0,0,7,Grand Total,164,1,0,165,703,4,4,711,728,22,42,792,244,8,0,252
Grading,Completed Works,Ongoing Works,Sr.No.,Monitor,Year,Month,State,District,S,SRI,U,Total,S,SRI,U,Total,S,SRI,U,Total,S,SRI,U,Total,31,Ravishankar Kumar Sinha,2023,September,Jharkhand,Palamu,0,0,0,0,0,0,0,0,6,0,0,6,5,0,0,5,Total,9,0,0,9,26,0,0,26,34,0,0,34,7,0,0,7,Grand Total,164,1,0,165,703,4,4,711,728,22,42,792,244,8,0,252
Grading,Completed Works,Ongoing Works,Sr.No.,Monitor,Year,Month,State,District,S,SRI,U,Total,S,SRI,U,Total,S,SRI,U,Total,S,SRI,U,Total,32,Sandeep  Kumar Roy,2023,August,Jharkhand,Simdega,0,0,0,0,0,0,0,0,13,0,0,13,0,0,0,0,Total,1,0,0,1,0,0,0,0,13,2,0,15,3,0,0,3,Grand Total,164,1,0,165,703,4,4,711,728,22,42,792,244,8,0,252
Grading,Completed Works,Ongoing Works,Sr.No.,Monitor,Year,Month,State,District,S,SRI,U,Total,S,SRI,U,Total,S,SRI,U,Total,S,SRI,U,Total,32,Sandeep  Kumar Roy,2023,October,Jharkhand,Bokaro,1,0,0,1,0,0,0,0,0,2,0,2,3,0,0,3,Total,1,0,0,1,0,0,0,0,13,2,0,15,3,0,0,3,Grand Total,164,1,0,165,703,4,4,711,728,22,42,792,244,8,0,252
Grading,Completed Works,Ongoing Works,Sr.No.,Monitor,Year,Month,State,District,S,SRI,U,Total,S,SRI,U,Total,S,SRI,U,Total,S,SRI,U,Total,33,Satish Kumar Singh,2023,December,Jharkhand,Saraikela Kharsawan,0,0,0,0,1,0,0,1,0,0,0,0,0,0,0,0,Total,0,0,0,0,1,0,0,1,0,0,0,0,0,0,0,0,Grand Total,164,1,0,165,703,4,4,711,728,22,42,792,244,8,0,252
Grading,Completed Works,Ongoing Works,Sr.No.,Monitor,Year,Month,State,District,S,SRI,U,Total,S,SRI,U,Total,S,SRI,U,Total,S,SRI,U,Total,34,Shankar  Prasad Barnwal,2023,July,Jharkhand,Hazaribagh,3,0,0,3,3,0,0,3,0,0,0,0,3,0,0,3,Total,3,0,0,3,3,0,0,3,0,0,0,0,3,0,0,3,Grand Total,164,1,0,165,703,4,4,711,728,22,42,792,244,8,0,252
Grading,Completed Works,Ongoing Works,Sr.No.,Monitor,Year,Month,State,District,S,SRI,U,Total,S,SRI,U,Total,S,SRI,U,Total,S,SRI,U,Total,35,Shrawan Kumar Sinha,2023,January,Jharkhand,Dumka,0,0,0,0,10,0,0,10,2,0,0,2,0,0,0,0,Total,2,0,0,2,28,0,0,28,3,0,0,3,3,0,0,3,Grand Total,164,1,0,165,703,4,4,711,728,22,42,792,244,8,0,252
Grading,Completed Works,Ongoing Works,Sr.No.,Monitor,Year,Month,State,District,S,SRI,U,Total,S,SRI,U,Total,S,SRI,U,Total,S,SRI,U,Total,35,Shrawan Kumar Sinha,2023,March,Jharkhand,Bokaro,0,0,0,0,4,0,0,4,0,0,0,0,0,0,0,0,Total,2,0,0,2,28,0,0,28,3,0,0,3,3,0,0,3,Grand Total,164,1,0,165,703,4,4,711,728,22,42,792,244,8,0,252
Grading,Completed Works,Ongoing Works,Sr.No.,Monitor,Year,Month,State,District,S,SRI,U,Total,S,SRI,U,Total,S,SRI,U,Total,S,SRI,U,Total,35,Shrawan Kumar Sinha,2023,May,Jharkhand,Koderma,0,0,0,0,4,0,0,4,0,0,0,0,0,0,0,0,Total,2,0,0,2,28,0,0,28,3,0,0,3,3,0,0,3,Grand Total,164,1,0,165,703,4,4,711,728,22,42,792,244,8,0,252
Grading,Completed Works,Ongoing Works,Sr.No.,Monitor,Year,Month,State,District,S,SRI,U,Total,S,SRI,U,Total,S,SRI,U,Total,S,SRI,U,Total,35,Shrawan Kumar Sinha,2023,May,Jharkhand,Ramgarh,0,0,0,0,0,0,0,0,1,0,0,1,0,0,0,0,Total,2,0,0,2,28,0,0,28,3,0,0,3,3,0,0,3,Grand Total,164,1,0,165,703,4,4,711,728,22,42,792,244,8,0,252
Grading,Completed Works,Ongoing Works,Sr.No.,Monitor,Year,Month,State,District,S,SRI,U,Total,S,SRI,U,Total,S,SRI,U,Total,S,SRI,U,Total,35,Shrawan Kumar Sinha,2023,June,Jharkhand,Dumka,0,0,0,0,7,0,0,7,0,0,0,0,0,0,0,0,Total,2,0,0,2,28,0,0,28,3,0,0,3,3,0,0,3,Grand Total,164,1,0,165,703,4,4,711,728,22,42,792,244,8,0,252
Grading,Completed Works,Ongoing Works,Sr.No.,Monitor,Year,Month,State,District,S,SRI,U,Total,S,SRI,U,Total,S,SRI,U,Total,S,SRI,U,Total,35,Shrawan Kumar Sinha,2023,August,Jharkhand,Saraikela Kharsawan,2,0,0,2,3,0,0,3,0,0,0,0,3,0,0,3,Total,2,0,0,2,28,0,0,28,3,0,0,3,3,0,0,3,Grand Total,164,1,0,165,703,4,4,711,728,22,42,792,244,8,0,252
Grading,Completed Works,Ongoing Works,Sr.No.,Monitor,Year,Month,State,District,S,SRI,U,Total,S,SRI,U,Total,S,SRI,U,Total,S,SRI,U,Total,36,Shukdeo Prasad Burnwal,2023,January,Jharkhand,Palamu,1,0,0,1,4,0,0,4,15,0,7,22,4,0,0,4,Total,4,0,0,4,23,0,0,23,39,3,10,52,24,2,0,26,Grand Total,164,1,0,165,703,4,4,711,728,22,42,792,244,8,0,252
Grading,Completed Works,Ongoing Works,Sr.No.,Monitor,Year,Month,State,District,S,SRI,U,Total,S,SRI,U,Total,S,SRI,U,Total,S,SRI,U,Total,36,Shukdeo Prasad Burnwal,2023,March,Jharkhand,Latehar,0,0,0,0,7,0,0,7,0,0,0,0,3,0,0,3,Total,4,0,0,4,23,0,0,23,39,3,10,52,24,2,0,26,Grand Total,164,1,0,165,703,4,4,711,728,22,42,792,244,8,0,252
Grading,Completed Works,Ongoing Works,Sr.No.,Monitor,Year,Month,State,District,S,SRI,U,Total,S,SRI,U,Total,S,SRI,U,Total,S,SRI,U,Total,36,Shukdeo Prasad Burnwal,2023,April,Jharkhand,Purbi Singhbhum,1,0,0,1,6,0,0,6,17,1,0,18,1,0,0,1,Total,4,0,0,4,23,0,0,23,39,3,10,52,24,2,0,26,Grand Total,164,1,0,165,703,4,4,711,728,22,42,792,244,8,0,252
Grading,Completed Works,Ongoing Works,Sr.No.,Monitor,Year,Month,State,District,S,SRI,U,Total,S,SRI,U,Total,S,SRI,U,Total,S,SRI,U,Total,36,Shukdeo Prasad Burnwal,2023,May,Jharkhand,Latehar,0,0,0,0,5,0,0,5,3,0,2,5,10,2,0,12,Total,4,0,0,4,23,0,0,23,39,3,10,52,24,2,0,26,Grand Total,164,1,0,165,703,4,4,711,728,22,42,792,244,8,0,252
Grading,Completed Works,Ongoing Works,Sr.No.,Monitor,Year,Month,State,District,S,SRI,U,Total,S,SRI,U,Total,S,SRI,U,Total,S,SRI,U,Total,36,Shukdeo Prasad Burnwal,2023,August,Jharkhand,Gumla,2,0,0,2,1,0,0,1,4,2,1,7,6,0,0,6,Total,4,0,0,4,23,0,0,23,39,3,10,52,24,2,0,26,Grand Total,164,1,0,165,703,4,4,711,728,22,42,792,244,8,0,252
Grading,Completed Works,Ongoing Works,Sr.No.,Monitor,Year,Month,State,District,S,SRI,U,Total,S,SRI,U,Total,S,SRI,U,Total,S,SRI,U,Total,37,Sita  Kant Jha,2023,February,Jharkhand,Khunti,3,0,0,3,14,0,0,14,0,0,0,0,2,0,0,2,Total,3,0,0,3,25,0,0,25,6,0,1,7,3,0,0,3,Grand Total,164,1,0,165,703,4,4,711,728,22,42,792,244,8,0,252
Grading,Completed Works,Ongoing Works,Sr.No.,Monitor,Year,Month,State,District,S,SRI,U,Total,S,SRI,U,Total,S,SRI,U,Total,S,SRI,U,Total,37,Sita  Kant Jha,2023,April,Jharkhand,Bokaro,0,0,0,0,3,0,0,3,1,0,0,1,1,0,0,1,Total,3,0,0,3,25,0,0,25,6,0,1,7,3,0,0,3,Grand Total,164,1,0,165,703,4,4,711,728,22,42,792,244,8,0,252
Grading,Completed Works,Ongoing Works,Sr.No.,Monitor,Year,Month,State,District,S,SRI,U,Total,S,SRI,U,Total,S,SRI,U,Total,S,SRI,U,Total,37,Sita  Kant Jha,2023,May,Jharkhand,Dhanbad,0,0,0,0,8,0,0,8,0,0,0,0,0,0,0,0,Total,3,0,0,3,25,0,0,25,6,0,1,7,3,0,0,3,Grand Total,164,1,0,165,703,4,4,711,728,22,42,792,244,8,0,252
Grading,Completed Works,Ongoing Works,Sr.No.,Monitor,Year,Month,State,District,S,SRI,U,Total,S,SRI,U,Total,S,SRI,U,Total,S,SRI,U,Total,37,Sita  Kant Jha,2023,October,Jharkhand,Purbi Singhbhum,0,0,0,0,0,0,0,0,5,0,1,6,0,0,0,0,Total,3,0,0,3,25,0,0,25,6,0,1,7,3,0,0,3,Grand Total,164,1,0,165,703,4,4,711,728,22,42,792,244,8,0,252
Grading,Completed Works,Ongoing Works,Sr.No.,Monitor,Year,Month,State,District,S,SRI,U,Total,S,SRI,U,Total,S,SRI,U,Total,S,SRI,U,Total,38,Surendra Prasad Singh,2023,January,Jharkhand,Simdega,1,0,0,1,0,0,0,0,12,0,0,12,0,0,0,0,Total,1,0,0,1,18,0,0,18,43,0,1,44,1,1,0,2,Grand Total,164,1,0,165,703,4,4,711,728,22,42,792,244,8,0,252
Grading,Completed Works,Ongoing Works,Sr.No.,Monitor,Year,Month,State,District,S,SRI,U,Total,S,SRI,U,Total,S,SRI,U,Total,S,SRI,U,Total,38,Surendra Prasad Singh,2023,February,Jharkhand,Dumka,0,0,0,0,7,0,0,7,0,0,0,0,1,0,0,1,Total,1,0,0,1,18,0,0,18,43,0,1,44,1,1,0,2,Grand Total,164,1,0,165,703,4,4,711,728,22,42,792,244,8,0,252
Grading,Completed Works,Ongoing Works,Sr.No.,Monitor,Year,Month,State,District,S,SRI,U,Total,S,SRI,U,Total,S,SRI,U,Total,S,SRI,U,Total,38,Surendra Prasad Singh,2023,April,Jharkhand,Garhwa,0,0,0,0,5,0,0,5,9,0,0,9,0,0,0,0,Total,1,0,0,1,18,0,0,18,43,0,1,44,1,1,0,2,Grand Total,164,1,0,165,703,4,4,711,728,22,42,792,244,8,0,252
Grading,Completed Works,Ongoing Works,Sr.No.,Monitor,Year,Month,State,District,S,SRI,U,Total,S,SRI,U,Total,S,SRI,U,Total,S,SRI,U,Total,38,Surendra Prasad Singh,2023,July,Jharkhand,Pashchimi Singhbhum,0,0,0,0,2,0,0,2,1,0,0,1,0,0,0,0,Total,1,0,0,1,18,0,0,18,43,0,1,44,1,1,0,2,Grand Total,164,1,0,165,703,4,4,711,728,22,42,792,244,8,0,252
Grading,Completed Works,Ongoing Works,Sr.No.,Monitor,Year,Month,State,District,S,SRI,U,Total,S,SRI,U,Total,S,SRI,U,Total,S,SRI,U,Total,38,Surendra Prasad Singh,2023,August,Jharkhand,Godda,0,0,0,0,0,0,0,0,10,0,0,10,0,1,0,1,Total,1,0,0,1,18,0,0,18,43,0,1,44,1,1,0,2,Grand Total,164,1,0,165,703,4,4,711,728,22,42,792,244,8,0,252
Grading,Completed Works,Ongoing Works,Sr.No.,Monitor,Year,Month,State,District,S,SRI,U,Total,S,SRI,U,Total,S,SRI,U,Total,S,SRI,U,Total,38,Surendra Prasad Singh,2023,October,Jharkhand,Palamu,0,0,0,0,0,0,0,0,4,0,1,5,0,0,0,0,Total,1,0,0,1,18,0,0,18,43,0,1,44,1,1,0,2,Grand Total,164,1,0,165,703,4,4,711,728,22,42,792,244,8,0,252
Grading,Completed Works,Ongoing Works,Sr.No.,Monitor,Year,Month,State,District,S,SRI,U,Total,S,SRI,U,Total,S,SRI,U,Total,S,SRI,U,Total,38,Surendra Prasad Singh,2023,November,Jharkhand,Purbi Singhbhum,0,0,0,0,4,0,0,4,7,0,0,7,0,0,0,0,Total,1,0,0,1,18,0,0,18,43,0,1,44,1,1,0,2,Grand Total,164,1,0,165,703,4,4,711,728,22,42,792,244,8,0,252
Grading,Completed Works,Ongoing Works,Sr.No.,Monitor,Year,Month,State,District,S,SRI,U,Total,S,SRI,U,Total,S,SRI,U,Total,S,SRI,U,Total,39,Suresh   Yadav,2023,March,Jharkhand,Dumka,0,0,0,0,6,0,0,6,0,0,0,0,0,0,0,0,Total,0,0,0,0,6,0,0,6,0,0,0,0,0,0,0,0,Grand Total,164,1,0,165,703,4,4,711,728,22,42,792,244,8,0,252
Grading,Completed Works,Ongoing Works,Sr.No.,Monitor,Year,Month,State,District,S,SRI,U,Total,S,SRI,U,Total,S,SRI,U,Total,S,SRI,U,Total,40,Umesh  Mehta,2023,February,Jharkhand,Simdega,0,0,0,0,0,0,0,0,3,0,0,3,0,0,0,0,Total,2,0,0,2,11,0,0,11,24,0,1,25,7,0,0,7,Grand Total,164,1,0,165,703,4,4,711,728,22,42,792,244,8,0,252
Grading,Completed Works,Ongoing Works,Sr.No.,Monitor,Year,Month,State,District,S,SRI,U,Total,S,SRI,U,Total,S,SRI,U,Total,S,SRI,U,Total,40,Umesh  Mehta,2023,May,Jharkhand,Deoghar,2,0,0,2,0,0,0,0,5,0,0,5,0,0,0,0,Total,2,0,0,2,11,0,0,11,24,0,1,25,7,0,0,7,Grand Total,164,1,0,165,703,4,4,711,728,22,42,792,244,8,0,252
Grading,Completed Works,Ongoing Works,Sr.No.,Monitor,Year,Month,State,District,S,SRI,U,Total,S,SRI,U,Total,S,SRI,U,Total,S,SRI,U,Total,40,Umesh  Mehta,2023,June,Jharkhand,Palamu,0,0,0,0,1,0,0,1,1,0,0,1,5,0,0,5,Total,2,0,0,2,11,0,0,11,24,0,1,25,7,0,0,7,Grand Total,164,1,0,165,703,4,4,711,728,22,42,792,244,8,0,252
Grading,Completed Works,Ongoing Works,Sr.No.,Monitor,Year,Month,State,District,S,SRI,U,Total,S,SRI,U,Total,S,SRI,U,Total,S,SRI,U,Total,40,Umesh  Mehta,2023,August,Jharkhand,Lohardaga,0,0,0,0,7,0,0,7,1,0,0,1,1,0,0,1,Total,2,0,0,2,11,0,0,11,24,0,1,25,7,0,0,7,Grand Total,164,1,0,165,703,4,4,711,728,22,42,792,244,8,0,252
Grading,Completed Works,Ongoing Works,Sr.No.,Monitor,Year,Month,State,District,S,SRI,U,Total,S,SRI,U,Total,S,SRI,U,Total,S,SRI,U,Total,40,Umesh  Mehta,2023,October,Jharkhand,Ramgarh,0,0,0,0,1,0,0,1,0,0,0,0,0,0,0,0,Total,2,0,0,2,11,0,0,11,24,0,1,25,7,0,0,7,Grand Total,164,1,0,165,703,4,4,711,728,22,42,792,244,8,0,252
Grading,Completed Works,Ongoing Works,Sr.No.,Monitor,Year,Month,State,District,S,SRI,U,Total,S,SRI,U,Total,S,SRI,U,Total,S,SRI,U,Total,40,Umesh  Mehta,2023,October,Jharkhand,Ranchi,0,0,0,0,0,0,0,0,11,0,0,11,1,0,0,1,Total,2,0,0,2,11,0,0,11,24,0,1,25,7,0,0,7,Grand Total,164,1,0,165,703,4,4,711,728,22,42,792,244,8,0,252
Grading,Completed Works,Ongoing Works,Sr.No.,Monitor,Year,Month,State,District,S,SRI,U,Total,S,SRI,U,Total,S,SRI,U,Total,S,SRI,U,Total,40,Umesh  Mehta,2023,November,Jharkhand,Latehar,0,0,0,0,2,0,0,2,3,0,1,4,0,0,0,0,Total,2,0,0,2,11,0,0,11,24,0,1,25,7,0,0,7,Grand Total,164,1,0,165,703,4,4,711,728,22,42,792,244,8,0,252
Grading,Completed Works,Ongoing Works,Sr.No.,Monitor,Year,Month,State,District,S,SRI,U,Total,S,SRI,U,Total,S,SRI,U,Total,S,SRI,U,Total,41,Umeshwar Nath  Tiwari,2023,February,Jharkhand,Deoghar,0,0,0,0,0,0,0,0,0,0,0,0,1,1,0,2,Total,0,0,0,0,6,0,0,6,8,0,2,10,5,1,0,6,Grand Total,164,1,0,165,703,4,4,711,728,22,42,792,244,8,0,252
Grading,Completed Works,Ongoing Works,Sr.No.,Monitor,Year,Month,State,District,S,SRI,U,Total,S,SRI,U,Total,S,SRI,U,Total,S,SRI,U,Total,41,Umeshwar Nath  Tiwari,2023,March,Jharkhand,Pashchimi Singhbhum,0,0,0,0,4,0,0,4,0,0,0,0,2,0,0,2,Total,0,0,0,0,6,0,0,6,8,0,2,10,5,1,0,6,Grand Total,164,1,0,165,703,4,4,711,728,22,42,792,244,8,0,252
Grading,Completed Works,Ongoing Works,Sr.No.,Monitor,Year,Month,State,District,S,SRI,U,Total,S,SRI,U,Total,S,SRI,U,Total,S,SRI,U,Total,41,Umeshwar Nath  Tiwari,2023,April,Jharkhand,Saraikela Kharsawan,0,0,0,0,0,0,0,0,1,0,2,3,0,0,0,0,Total,0,0,0,0,6,0,0,6,8,0,2,10,5,1,0,6,Grand Total,164,1,0,165,703,4,4,711,728,22,42,792,244,8,0,252
Grading,Completed Works,Ongoing Works,Sr.No.,Monitor,Year,Month,State,District,S,SRI,U,Total,S,SRI,U,Total,S,SRI,U,Total,S,SRI,U,Total,41,Umeshwar Nath  Tiwari,2023,May,Jharkhand,Lohardaga,0,0,0,0,2,0,0,2,0,0,0,0,2,0,0,2,Total,0,0,0,0,6,0,0,6,8,0,2,10,5,1,0,6,Grand Total,164,1,0,165,703,4,4,711,728,22,42,792,244,8,0,252
Grading,Completed Works,Ongoing Works,Sr.No.,Monitor,Year,Month,State,District,S,SRI,U,Total,S,SRI,U,Total,S,SRI,U,Total,S,SRI,U,Total,41,Umeshwar Nath  Tiwari,2023,July,Jharkhand,Dumka,0,0,0,0,0,0,0,0,7,0,0,7,0,0,0,0,Total,0,0,0,0,6,0,0,6,8,0,2,10,5,1,0,6,Grand Total,164,1,0,165,703,4,4,711,728,22,42,792,244,8,0,252
Grading,Completed Works,Ongoing Works,Sr.No.,Monitor,Year,Month,State,District,S,SRI,U,Total,S,SRI,U,Total,S,SRI,U,Total,S,SRI,U,Total,42,Yogendra Kumar Pandit,2023,January,Jharkhand,Ramgarh,0,0,0,0,3,0,0,3,8,0,0,8,1,0,0,1,Total,5,0,0,5,25,0,0,25,41,2,0,43,17,1,0,18,Grand Total,164,1,0,165,703,4,4,711,728,22,42,792,244,8,0,252
Grading,Completed Works,Ongoing Works,Sr.No.,Monitor,Year,Month,State,District,S,SRI,U,Total,S,SRI,U,Total,S,SRI,U,Total,S,SRI,U,Total,42,Yogendra Kumar Pandit,2023,March,Jharkhand,Ramgarh,0,0,0,0,2,0,0,2,2,0,0,2,2,0,0,2,Total,5,0,0,5,25,0,0,25,41,2,0,43,17,1,0,18,Grand Total,164,1,0,165,703,4,4,711,728,22,42,792,244,8,0,252
Grading,Completed Works,Ongoing Works,Sr.No.,Monitor,Year,Month,State,District,S,SRI,U,Total,S,SRI,U,Total,S,SRI,U,Total,S,SRI,U,Total,42,Yogendra Kumar Pandit,2023,March,Jharkhand,Lohardaga,0,0,0,0,3,0,0,3,0,0,0,0,1,0,0,1,Total,5,0,0,5,25,0,0,25,41,2,0,43,17,1,0,18,Grand Total,164,1,0,165,703,4,4,711,728,22,42,792,244,8,0,252
Grading,Completed Works,Ongoing Works,Sr.No.,Monitor,Year,Month,State,District,S,SRI,U,Total,S,SRI,U,Total,S,SRI,U,Total,S,SRI,U,Total,42,Yogendra Kumar Pandit,2023,April,Jharkhand,Gumla,0,0,0,0,1,0,0,1,1,0,0,1,5,1,0,6,Total,5,0,0,5,25,0,0,25,41,2,0,43,17,1,0,18,Grand Total,164,1,0,165,703,4,4,711,728,22,42,792,244,8,0,252
Grading,Completed Works,Ongoing Works,Sr.No.,Monitor,Year,Month,State,District,S,SRI,U,Total,S,SRI,U,Total,S,SRI,U,Total,S,SRI,U,Total,42,Yogendra Kumar Pandit,2023,May,Jharkhand,Chatra,1,0,0,1,3,0,0,3,16,2,0,18,0,0,0,0,Total,5,0,0,5,25,0,0,25,41,2,0,43,17,1,0,18,Grand Total,164,1,0,165,703,4,4,711,728,22,42,792,244,8,0,252
Grading,Completed Works,Ongoing Works,Sr.No.,Monitor,Year,Month,State,District,S,SRI,U,Total,S,SRI,U,Total,S,SRI,U,Total,S,SRI,U,Total,42,Yogendra Kumar Pandit,2023,June,Jharkhand,Latehar,0,0,0,0,2,0,0,2,5,0,0,5,0,0,0,0,Total,5,0,0,5,25,0,0,25,41,2,0,43,17,1,0,18,Grand Total,164,1,0,165,703,4,4,711,728,22,42,792,244,8,0,252
Grading,Completed Works,Ongoing Works,Sr.No.,Monitor,Year,Month,State,District,S,SRI,U,Total,S,SRI,U,Total,S,SRI,U,Total,S,SRI,U,Total,42,Yogendra Kumar Pandit,2023,August,Jharkhand,Chatra,2,0,0,2,6,0,0,6,5,0,0,5,1,0,0,1,Total,5,0,0,5,25,0,0,25,41,2,0,43,17,1,0,18,Grand Total,164,1,0,165,703,4,4,711,728,22,42,792,244,8,0,252
Grading,Completed Works,Ongoing Works,Sr.No.,Monitor,Year,Month,State,District,S,SRI,U,Total,S,SRI,U,Total,S,SRI,U,Total,S,SRI,U,Total,42,Yogendra Kumar Pandit,2023,August,Jharkhand,Koderma,0,0,0,0,2,0,0,2,0,0,0,0,0,0,0,0,Total,5,0,0,5,25,0,0,25,41,2,0,43,17,1,0,18,Grand Total,164,1,0,165,703,4,4,711,728,22,42,792,244,8,0,252
Grading,Completed Works,Ongoing Works,Sr.No.,Monitor,Year,Month,State,District,S,SRI,U,Total,S,SRI,U,Total,S,SRI,U,Total,S,SRI,U,Total,42,Yogendra Kumar Pandit,2023,September,Jharkhand,Hazaribagh,1,0,0,1,3,0,0,3,0,0,0,0,0,0,0,0,Total,5,0,0,5,25,0,0,25,41,2,0,43,17,1,0,18,Grand Total,164,1,0,165,703,4,4,711,728,22,42,792,244,8,0,252
Grading,Completed Works,Ongoing Works,Sr.No.,Monitor,Year,Month,State,District,S,SRI,U,Total,S,SRI,U,Total,S,SRI,U,Total,S,SRI,U,Total,42,Yogendra Kumar Pandit,2023,October,Jharkhand,Deoghar,0,0,0,0,0,0,0,0,3,0,0,3,7,0,0,7,Total,5,0,0,5,25,0,0,25,41,2,0,43,17,1,0,18,Grand Total,164,1,0,165,703,4,4,711,728,22,42,792,244,8,0,252
Grading,Completed Works,Ongoing Works,Sr.No.,Monitor,Year,Month,State,District,S,SRI,U,Total,S,SRI,U,Total,S,SRI,U,Total,S,SRI,U,Total,42,Yogendra Kumar Pandit,2023,December,Jharkhand,Chatra,1,0,0,1,0,0,0,0,1,0,0,1,0,0,0,0,Total,5,0,0,5,25,0,0,25,41,2,0,43,17,1,0,18,Grand Total,164,1,0,165,703,4,4,711,728,22,42,792,244,8,0,252